RLC_SH,CN00VP1VCMK00777071F,QC3,2018-10-08
RLC_SH,CN02V6141296359TA018,QC3,2018-10-08
RLC_SH,CN04XXXHCMK007AO00EF,QC3,2018-10-08
RLC_SH,CN062KP11296364801C6,QC3,2018-10-08
RLC_SH,CN07JF3PCMK007650348,QC3,2018-10-08
RLC_SH,CN0C9JPKCMK0078A0923,QC3,2018-10-08
RLC_SH,CN0C9JPKCMK007B60359,QC3,2018-10-08
RLC_SH,CN0C9JPKCMK0087J05B3,QC3,2018-10-08
RLC_SH,CN0D47C11296363J0046,QC3,2018-10-08
RLC_SH,CN0D54K4CMK0081D00E9,QC3,2018-10-08
RLC_SH,CN0F48NDCMK007AE01DD,QC3,2018-10-08
RLC_SH,CN0FCY9K129636AM014A,QC3,2018-10-08
RLC_SH,CN0G5TN012963682031D,QC3,2018-10-08
RLC_SH,CN0GRVPWCMK0084O052F,QC3,2018-10-08
RLC_SH,CN0H0K2PCMK0086FA13C,QC3,2018-10-08
RLC_SH,CN0H7Y7KCMK0073V0A1B,QC3,2018-10-08
RLC_SH,CN0HHKWY1296369K0010,QC3,2018-10-08
RLC_SH,CN0HPRCX129635B10B5B,QC3,2018-10-08
RLC_SH,CN0JJ64Y129636530153,QC3,2018-10-08
RLC_SH,CN0KMHTN129636B905BF,QC3,2018-10-08
RLC_SH,CN0KMHTN1296372R0A43,QC3,2018-10-08
RLC_SH,CN0M60PHCMK007570105,QC3,2018-10-08
RLC_SH,CN0M7DMCCMK0084FA6CE,QC3,2018-10-08
RLC_SH,CN0MWGPYCMK007BN036B,QC3,2018-10-08
RLC_SH,CN0MWGPYCMK0083J0465,QC3,2018-10-08
RLC_SH,CN0N5NX1129635AC085B,QC3,2018-10-08
RLC_SH,CN0N5NX11296363JA4BA,QC3,2018-10-08
RLC_SH,CN0PCVDXCMK0075301B4,QC3,2018-10-08
RLC_SH,CN0R1VJD12963558088D,QC3,2018-10-08
RLC_SH,CN0T0V7J1296371L0AA2,QC3,2018-10-08
RLC_SH,CN0VD2G7CMK0076F00EB,QC3,2018-10-08
RLC_SH,CN0VN7NP1296363H032D,QC3,2018-10-08
RLC_SH,CN0W5VXR1296364C09A2,QC3,2018-10-08
RLC_SH,CN0W5VXR1296367S02D6,QC3,2018-10-08
RLC_SH,CN0W5VXR1296368R00B7,QC3,2018-10-08
RLC_SH,CN0W5VXR1296368R014B,QC3,2018-10-08
RLC_SH,CN0W5VXR129636AG0654,QC3,2018-10-08
RLC_SH,CN0W5VXR1296371M0283,QC3,2018-10-08
RLC_SH,CN0YF9VMCMK007CE0124,QC3,2018-10-08
RLC_SH,CN0YF9VMCMK0084I0163,QC3,2018-10-08
RLC_SH,CN0YJCKF129636AP0186,QC3,2018-10-08
RLC_SH,CN0YJCKFCMK0074G02BC,QC3,2018-10-08
RLC_SH,CN0YNX9N12963619026D,QC3,2018-10-08
RLC_SH,CN00VP1VCMK00777071F,QC2,2018-10-08
RLC_SH,CN04XXXHCMK007CK002C,QC2,2018-10-08
RLC_SH,CN062KP11296364801C6,QC2,2018-10-08
RLC_SH,CN07JF3PCMK007650348,QC2,2018-10-08
RLC_SH,CN08FCRXCMK0074HA005,QC2,2018-10-08
RLC_SH,CN0C9JPKCMK0078A0923,QC2,2018-10-08
RLC_SH,CN0C9JPKCMK007B60359,QC2,2018-10-08
RLC_SH,CN0C9JPKCMK0087J05B3,QC2,2018-10-08
RLC_SH,CN0CF5CJCMK0082501E0,QC2,2018-10-08
RLC_SH,CN0CJ6HPCMK0078V01DF,QC2,2018-10-08
RLC_SH,CN0D54K4CMK0081D00E9,QC2,2018-10-08
RLC_SH,CN0F48NDCMK007AE01DD,QC2,2018-10-08
RLC_SH,CN0F48NDCMK0084502B5,QC2,2018-10-08
RLC_SH,CN0F68DXCMK007CR0D26,QC2,2018-10-08
RLC_SH,CN0G5TN012963682031D,QC2,2018-10-08
RLC_SH,CN0GRVPWCMK0082S0943,QC2,2018-10-08
RLC_SH,CN0GT13MCMK007BAA1BD,QC2,2018-10-08
RLC_SH,CN0H0K2PCMK0086FA13C,QC2,2018-10-08
RLC_SH,CN0H7Y7KCMK0073V0A1B,QC2,2018-10-08
RLC_SH,CN0HHKWY1296369K0010,QC2,2018-10-08
RLC_SH,CN0HPRCX129635BM07A3,QC2,2018-10-08
RLC_SH,CN0KMHTN129636B905BF,QC2,2018-10-08
RLC_SH,CN0KMHTN1296372R0A43,QC2,2018-10-08
RLC_SH,CN0KV3KVCMK0078I0DD6,QC2,2018-10-08
RLC_SH,CN0M60PHCMK007570105,QC2,2018-10-08
RLC_SH,CN0MWGPYCMK007BN036B,QC2,2018-10-08
RLC_SH,CN0MWGPYCMK0083J0465,QC2,2018-10-08
RLC_SH,CN0N5NX1129635AC085B,QC2,2018-10-08
RLC_SH,CN0N5NX1129635CI02D8,QC2,2018-10-08
RLC_SH,CN0PCVDXCMK0075301B4,QC2,2018-10-08
RLC_SH,CN0R1VJD12963558088D,QC2,2018-10-08
RLC_SH,CN0T0V7J1296371L0AA2,QC2,2018-10-08
RLC_SH,CN0VN7NP1296363H032D,QC2,2018-10-08
RLC_SH,CN0W5VXR1296364C09A2,QC2,2018-10-08
RLC_SH,CN0W5VXR1296368R00B7,QC2,2018-10-08
RLC_SH,CN0W5VXR1296368R014B,QC2,2018-10-08
RLC_SH,CN0W5VXR129636AG0654,QC2,2018-10-08
RLC_SH,CN0W5VXR1296372E02B6,QC2,2018-10-08
RLC_SH,CN0W5VXR129637340C23,QC2,2018-10-08
RLC_SH,CN0YF9VMCMK007CE0124,QC2,2018-10-08
RLC_SH,CN0YF9VMCMK0084I0163,QC2,2018-10-08
RLC_SH,CN0YJCKF129636AP0186,QC2,2018-10-08
RLC_SH,CN0YJCKFCMK0074G02BC,QC2,2018-10-08
RLC_SH,CN0YNX9N12963619026D,QC2,2018-10-08
RLC_SH,CN0YT7G11296372N0041,QC2,2018-10-08
RLC_SH,CN00C368CMK0078V00CB,QC3,2018-10-09
RLC_SH,CN00KD6FCMK007570310,QC3,2018-10-09
RLC_SH,CN00KD6FCMK0077T00D7,QC3,2018-10-09
RLC_SH,CN016XGHCMK0076C0452,QC3,2018-10-09
RLC_SH,CN01WVFWCMK007CNA0CA,QC3,2018-10-09
RLC_SH,CN01WVFWCMK007CNA0D1,QC3,2018-10-09
RLC_SH,CN024X3YCMK007AUA04E,QC3,2018-10-09
RLC_SH,CN0282V5CMK0075R0109,QC3,2018-10-09
RLC_SH,CN02HT8M12963723005A,QC3,2018-10-09
RLC_SH,CN02VH13129636CMA001,QC3,2018-10-09
RLC_SH,CN02VH13CMK007980257,QC3,2018-10-09
RLC_SH,CN02VH13CMK00839A157,QC3,2018-10-09
RLC_SH,CN04JT12CMK0083S01B7,QC3,2018-10-09
RLC_SH,CN04XXXHCMK007CK002C,QC3,2018-10-09
RLC_SH,CN05MMV9CMK0076D0147,QC3,2018-10-09
RLC_SH,CN062KP11296367E0682,QC3,2018-10-09
RLC_SH,CN08FCRXCMK0074HA005,QC3,2018-10-09
RLC_SH,CN097VY7CMK008370378,QC3,2018-10-09
RLC_SH,CN0987G8CMK0075J0012,QC3,2018-10-09
RLC_SH,CN09WH9DCMK007A903A2,QC3,2018-10-09
RLC_SH,CN09WVX3129636C6A016,QC3,2018-10-09
RLC_SH,CN0C9JPKCMK0078504E8,QC3,2018-10-09
RLC_SH,CN0CF5CJCMK0082501E0,QC3,2018-10-09
RLC_SH,CN0CJ6HPCMK0078V01DF,QC3,2018-10-09
RLC_SH,CN0CJWHXCMK007BQ02B1,QC3,2018-10-09
RLC_SH,CN0D54K4CMK0083D0175,QC3,2018-10-09
RLC_SH,CN0DGYY5129636BF0747,QC3,2018-10-09
RLC_SH,CN0F48NDCMK0084502B5,QC3,2018-10-09
RLC_SH,CN0F68DXCMK0078601F6,QC3,2018-10-09
RLC_SH,CN0F68DXCMK007CR0D26,QC3,2018-10-09
RLC_SH,CN0F68DXCMK0085B0301,QC3,2018-10-09
RLC_SH,CN0G5TN01296369E00F6,QC3,2018-10-09
RLC_SH,CN0G5TN01296373A0411,QC3,2018-10-09
RLC_SH,CN0GRVPWCMK0082S0943,QC3,2018-10-09
RLC_SH,CN0GRVPWCMK0083R0B64,QC3,2018-10-09
RLC_SH,CN0GRVPWCMK0084D072A,QC3,2018-10-09
RLC_SH,CN0GRVPWCMK0087M0052,QC3,2018-10-09
RLC_SH,CN0GT13MCMK007BAA1BD,QC3,2018-10-09
RLC_SH,CN0H7Y7K1296365904A6,QC3,2018-10-09
RLC_SH,CN0H7Y7K129636AR0B02,QC3,2018-10-09
RLC_SH,CN0H7Y7K129637340360,QC3,2018-10-09
RLC_SH,CN0HPRCX129635BM07A3,QC3,2018-10-09
RLC_SH,CN0K20DJ12963688009A,QC3,2018-10-09
RLC_SH,CN0K23PJ129635AH00C5,QC3,2018-10-09
RLC_SH,CN0KMHTN1296367L040F,QC3,2018-10-09
RLC_SH,CN0KMHTN129636BC0A7B,QC3,2018-10-09
RLC_SH,CN0KV3KVCMK0078I0DD6,QC3,2018-10-09
RLC_SH,CN0M60PH129637130E99,QC3,2018-10-09
RLC_SH,CN0M60PHCMK0076A02BB,QC3,2018-10-09
RLC_SH,CN0M7DMCCMK0076O01C6,QC3,2018-10-09
RLC_SH,CN0M7DMCCMK007AO036A,QC3,2018-10-09
RLC_SH,CN0M7DMCCMK008190133,QC3,2018-10-09
RLC_SH,CN0MMMK9CMK0082G005B,QC3,2018-10-09
RLC_SH,CN0MP2YXCMK0079M1245,QC3,2018-10-09
RLC_SH,CN0NHF30CMK0077C0114,QC3,2018-10-09
RLC_SH,CN0R0YRFCMK0078O0F76,QC3,2018-10-09
RLC_SH,CN0RVJDVCMK007CN0521,QC3,2018-10-09
RLC_SH,CN0RYRTD129636BH06AD,QC3,2018-10-09
RLC_SH,CN0RYRTDCMK0073I050B,QC3,2018-10-09
RLC_SH,CN0V1GN1CMK007880216,QC3,2018-10-09
RLC_SH,CN0VN7NP129635CE019A,QC3,2018-10-09
RLC_SH,CN0VXWY2CMK00789021C,QC3,2018-10-09
RLC_SH,CN0W5VXR1296365O07B0,QC3,2018-10-09
RLC_SH,CN0W5VXR1296367P11DE,QC3,2018-10-09
RLC_SH,CN0W5VXR1296368905E1,QC3,2018-10-09
RLC_SH,CN0W5VXR129636C80132,QC3,2018-10-09
RLC_SH,CN0W5VXR1296372E02B6,QC3,2018-10-09
RLC_SH,CN0W5VXR129637340C23,QC3,2018-10-09
RLC_SH,CN0W5VXRCMK0076B01E1,QC3,2018-10-09
RLC_SH,CN0YF9VMCMK0083V0D44,QC3,2018-10-09
RLC_SH,CN0YT7G11296372N0041,QC3,2018-10-09
RLC_SH,CN00C368CMK0078V00CB,QC2,2018-10-09
RLC_SH,CN00KD6FCMK007570310,QC2,2018-10-09
RLC_SH,CN00KD6FCMK0077T00D7,QC2,2018-10-09
RLC_SH,CN016XGHCMK0076C0452,QC2,2018-10-09
RLC_SH,CN01WVFWCMK007CNA0CA,QC2,2018-10-09
RLC_SH,CN01WVFWCMK007CNA0D1,QC2,2018-10-09
RLC_SH,CN024X3YCMK007AUA04E,QC2,2018-10-09
RLC_SH,CN0282V5CMK0075R0109,QC2,2018-10-09
RLC_SH,CN02HT8M12963723005A,QC2,2018-10-09
RLC_SH,CN02VH13129636CMA001,QC2,2018-10-09
RLC_SH,CN02VH13CMK007980257,QC2,2018-10-09
RLC_SH,CN02VH13CMK00839A157,QC2,2018-10-09
RLC_SH,CN03YC67CMK0085M00A8,QC2,2018-10-09
RLC_SH,CN03YC67CMK0085M022A,QC2,2018-10-09
RLC_SH,CN03YC67CMK0085M0252,QC2,2018-10-09
RLC_SH,CN03YC67CMK0085MA2CD,QC2,2018-10-09
RLC_SH,CN03YC67CMK0085MA2E0,QC2,2018-10-09
RLC_SH,CN03YC67CMK0086P0075,QC2,2018-10-09
RLC_SH,CN03YC67CMK0087E0378,QC2,2018-10-09
RLC_SH,CN03YC67CMK0087E03B5,QC2,2018-10-09
RLC_SH,CN03YC67CMK00882A034,QC2,2018-10-09
RLC_SH,CN04JT12CMK0083S01B7,QC2,2018-10-09
RLC_SH,CN04RKC6CMK0073V039E,QC2,2018-10-09
RLC_SH,CN05MMV9CMK0076D0147,QC2,2018-10-09
RLC_SH,CN0608KRCMK008890160,QC2,2018-10-09
RLC_SH,CN062KP11296367E0682,QC2,2018-10-09
RLC_SH,CN07TTKRCMK0085N0151,QC2,2018-10-09
RLC_SH,CN082YCPCMK007AHA17E,QC2,2018-10-09
RLC_SH,CN095VD8CMK0084FA687,QC2,2018-10-09
RLC_SH,CN097VY7CMK008370378,QC2,2018-10-09
RLC_SH,CN0987G8CMK0074R00B3,QC2,2018-10-09
RLC_SH,CN0987G8CMK0075J0012,QC2,2018-10-09
RLC_SH,CN09PJNKCMK0077N0899,QC2,2018-10-09
RLC_SH,CN09WH9DCMK007A903A2,QC2,2018-10-09
RLC_SH,CN09WVX3129636C6A016,QC2,2018-10-09
RLC_SH,CN0C9JPKCMK0078504E8,QC2,2018-10-09
RLC_SH,CN0CJWHXCMK007BQ02B1,QC2,2018-10-09
RLC_SH,CN0D47C11296361301D7,QC2,2018-10-09
RLC_SH,CN0D54K4CMK0083D0175,QC2,2018-10-09
RLC_SH,CN0DGYY5129636BF0747,QC2,2018-10-09
RLC_SH,CN0F68DXCMK0078601F6,QC2,2018-10-09
RLC_SH,CN0F68DXCMK0085B0301,QC2,2018-10-09
RLC_SH,CN0G5TN01296369E00F6,QC2,2018-10-09
RLC_SH,CN0G5TN01296373A0411,QC2,2018-10-09
RLC_SH,CN0GRVPWCMK007CB008D,QC2,2018-10-09
RLC_SH,CN0GRVPWCMK0083R0B64,QC2,2018-10-09
RLC_SH,CN0GRVPWCMK0084D072A,QC2,2018-10-09
RLC_SH,CN0GRVPWCMK0087M0052,QC2,2018-10-09
RLC_SH,CN0H7Y7K1296365904A6,QC2,2018-10-09
RLC_SH,CN0H7Y7K129636AR0B02,QC2,2018-10-09
RLC_SH,CN0H7Y7K129637340360,QC2,2018-10-09
RLC_SH,CN0HPRCX1296362T046B,QC2,2018-10-09
RLC_SH,CN0K20DJ12963688009A,QC2,2018-10-09
RLC_SH,CN0K23PJ129635AH00C5,QC2,2018-10-09
RLC_SH,CN0KMHTN1296367L040F,QC2,2018-10-09
RLC_SH,CN0KMHTN129636BC0A7B,QC2,2018-10-09
RLC_SH,CN0M60PH129637130E99,QC2,2018-10-09
RLC_SH,CN0M60PHCMK0076A02BB,QC2,2018-10-09
RLC_SH,CN0M7DMCCMK0076O01C6,QC2,2018-10-09
RLC_SH,CN0M7DMCCMK007AO036A,QC2,2018-10-09
RLC_SH,CN0M7DMCCMK008190133,QC2,2018-10-09
RLC_SH,CN0MMMK9CMK0082G005B,QC2,2018-10-09
RLC_SH,CN0MP2YXCMK0079M1245,QC2,2018-10-09
RLC_SH,CN0NHF30CMK0077C0114,QC2,2018-10-09
RLC_SH,CN0R0YRFCMK0078O0F76,QC2,2018-10-09
RLC_SH,CN0R5YF6CMK0077L0023,QC2,2018-10-09
RLC_SH,CN0RVJDVCMK007CN0521,QC2,2018-10-09
RLC_SH,CN0RYRTD129636BH06AD,QC2,2018-10-09
RLC_SH,CN0RYRTDCMK0073I050B,QC2,2018-10-09
RLC_SH,CN0T73CFCMK0085M000D,QC2,2018-10-09
RLC_SH,CN0V1GN1CMK007880216,QC2,2018-10-09
RLC_SH,CN0VH2K9CMK007CNA21F,QC2,2018-10-09
RLC_SH,CN0VN7NP129635CE019A,QC2,2018-10-09
RLC_SH,CN0VXWY2CMK00789021C,QC2,2018-10-09
RLC_SH,CN0W5VXR1296365O07B0,QC2,2018-10-09
RLC_SH,CN0W5VXR1296367P11DE,QC2,2018-10-09
RLC_SH,CN0W5VXR1296368905E1,QC2,2018-10-09
RLC_SH,CN0W5VXR129636C80132,QC2,2018-10-09
RLC_SH,CN0W5VXRCMK0075S0012,QC2,2018-10-09
RLC_SH,CN0W5VXRCMK0076B01E1,QC2,2018-10-09
RLC_SH,CN0WN63WCMK0086700CA,QC2,2018-10-09
RLC_SH,CN0X1DM7CMK0084HA498,QC2,2018-10-09
RLC_SH,CN0X1DM7CMK00867013A,QC2,2018-10-09
RLC_SH,CN0XDPDMCMK007B70923,QC2,2018-10-09
RLC_SH,CN0YF9VMCMK0083V0D44,QC2,2018-10-09
RLC_SH,CN00VP1VCMK0077I0EBA,QC3,2018-10-10
RLC_SH,CN01WVFWCMK007CNA0D8,QC3,2018-10-10
RLC_SH,CN03YC67CMK0085M00A8,QC3,2018-10-10
RLC_SH,CN03YC67CMK0085M01C1,QC3,2018-10-10
RLC_SH,CN03YC67CMK0085M01DB,QC3,2018-10-10
RLC_SH,CN03YC67CMK0085M022A,QC3,2018-10-10
RLC_SH,CN03YC67CMK0085M0252,QC3,2018-10-10
RLC_SH,CN03YC67CMK0085MA2CD,QC3,2018-10-10
RLC_SH,CN03YC67CMK0085MA2E0,QC3,2018-10-10
RLC_SH,CN03YC67CMK0086P0075,QC3,2018-10-10
RLC_SH,CN03YC67CMK0087E0378,QC3,2018-10-10
RLC_SH,CN03YC67CMK0087E03B5,QC3,2018-10-10
RLC_SH,CN03YC67CMK00882A034,QC3,2018-10-10
RLC_SH,CN04GTKNCMK00846060E,QC3,2018-10-10
RLC_SH,CN04RKC6CMK0073V039E,QC3,2018-10-10
RLC_SH,CN0608KRCMK008890160,QC3,2018-10-10
RLC_SH,CN062KP11296371A0C41,QC3,2018-10-10
RLC_SH,CN06DFFCCMK0079F0398,QC3,2018-10-10
RLC_SH,CN07TTKRCMK0085N0151,QC3,2018-10-10
RLC_SH,CN08065FCMK0083C0608,QC3,2018-10-10
RLC_SH,CN082YCPCMK007AHA17E,QC3,2018-10-10
RLC_SH,CN0956MF129635CP023A,QC3,2018-10-10
RLC_SH,CN095VD8CMK0084FA687,QC3,2018-10-10
RLC_SH,CN0987G8CMK0074R00B3,QC3,2018-10-10
RLC_SH,CN0987G8CMK007CG00FB,QC3,2018-10-10
RLC_SH,CN09PJNKCMK0077N0899,QC3,2018-10-10
RLC_SH,CN09TJV5CMK0076B021F,QC3,2018-10-10
RLC_SH,CN09TJV5CMK0078902F4,QC3,2018-10-10
RLC_SH,CN09WH9DCMK0076H038D,QC3,2018-10-10
RLC_SH,CN09WH9DCMK0078C083F,QC3,2018-10-10
RLC_SH,CN09WH9DCMK0078S042F,QC3,2018-10-10
RLC_SH,CN09WVX3129636760972,QC3,2018-10-10
RLC_SH,CN09WVX312963697083F,QC3,2018-10-10
RLC_SH,CN0C9JPKCMK00824068A,QC3,2018-10-10
RLC_SH,CN0D47C11296361301D7,QC3,2018-10-10
RLC_SH,CN0D54K4CMK00858003E,QC3,2018-10-10
RLC_SH,CN0DD2WPCMK0077A0205,QC3,2018-10-10
RLC_SH,CN0DGYY51296367V00CA,QC3,2018-10-10
RLC_SH,CN0DGYY5129636C6A031,QC3,2018-10-10
RLC_SH,CN0DGYY5CMK0073P1427,QC3,2018-10-10
RLC_SH,CN0F48NDCMK007C40B1B,QC3,2018-10-10
RLC_SH,CN0F68DXCMK007B90039,QC3,2018-10-10
RLC_SH,CN0FCY9K1296364103A4,QC3,2018-10-10
RLC_SH,CN0G5NRKCMK007CNA002,QC3,2018-10-10
RLC_SH,CN0G5NRKCMK007CNA00E,QC3,2018-10-10
RLC_SH,CN0G5NRKCMK007CNA037,QC3,2018-10-10
RLC_SH,CN0G5TN0129636630008,QC3,2018-10-10
RLC_SH,CN0G5TN01296366301E3,QC3,2018-10-10
RLC_SH,CN0G5TN0129636630383,QC3,2018-10-10
RLC_SH,CN0G5TN0CMK0073I0376,QC3,2018-10-10
RLC_SH,CN0GKGF4CMK007CNA0EA,QC3,2018-10-10
RLC_SH,CN0GRVPWCMK007CB008D,QC3,2018-10-10
RLC_SH,CN0GRVPWCMK0081808F2,QC3,2018-10-10
RLC_SH,CN0GYK0T1296367609B9,QC3,2018-10-10
RLC_SH,CN0H7Y7K129636BB0224,QC3,2018-10-10
RLC_SH,CN0HPRCX129635BP0CD5,QC3,2018-10-10
RLC_SH,CN0HPRCX1296362T046B,QC3,2018-10-10
RLC_SH,CN0J5R86CMK0076K0091,QC3,2018-10-10
RLC_SH,CN0J9Y2F1296373402B9,QC3,2018-10-10
RLC_SH,CN0J9Y2FCMK00828A015,QC3,2018-10-10
RLC_SH,CN0K1X1P1296359K0070,QC3,2018-10-10
RLC_SH,CN0K1X1P129635BH0523,QC3,2018-10-10
RLC_SH,CN0KMHTN129636870740,QC3,2018-10-10
RLC_SH,CN0KMHTN129636AJ0429,QC3,2018-10-10
RLC_SH,CN0KMHTN129636CF0168,QC3,2018-10-10
RLC_SH,CN0KMHTNCMK0075T1370,QC3,2018-10-10
RLC_SH,CN0M60PHCMK0076M0046,QC3,2018-10-10
RLC_SH,CN0M7DMCCMK0081D0373,QC3,2018-10-10
RLC_SH,CN0M7DMCCMK0083501FA,QC3,2018-10-10
RLC_SH,CN0M7DMCCMK0084D0004,QC3,2018-10-10
RLC_SH,CN0N5NX1129635B8087B,QC3,2018-10-10
RLC_SH,CN0N5NX1129635CI02D8,QC3,2018-10-10
RLC_SH,CN0NHF30CMK0077C065C,QC3,2018-10-10
RLC_SH,CN0NHF30CMK007CK0049,QC3,2018-10-10
RLC_SH,CN0NJC76CMK007CJ0482,QC3,2018-10-10
RLC_SH,CN0PCVDX12963695A01E,QC3,2018-10-10
RLC_SH,CN0PVN0FCMK007C40024,QC3,2018-10-10
RLC_SH,CN0R5YF6CMK0077L0023,QC3,2018-10-10
RLC_SH,CN0RYRTD129635C3A015,QC3,2018-10-10
RLC_SH,CN0T73CFCMK0085M000D,QC3,2018-10-10
RLC_SH,CN0T73CFCMK0085MA35A,QC3,2018-10-10
RLC_SH,CN0T73CFCMK008660228,QC3,2018-10-10
RLC_SH,CN0TVCVWCMK0077N007F,QC3,2018-10-10
RLC_SH,CN0VD2G7CMK007BU02B2,QC3,2018-10-10
RLC_SH,CN0VH2K9CMK007CNA21B,QC3,2018-10-10
RLC_SH,CN0VH2K9CMK007CNA21C,QC3,2018-10-10
RLC_SH,CN0VH2K9CMK007CNA21F,QC3,2018-10-10
RLC_SH,CN0VT64TCMK007CNA0FA,QC3,2018-10-10
RLC_SH,CN0VT64TCMK007CNA0FC,QC3,2018-10-10
RLC_SH,CN0VT64TCMK007CNA100,QC3,2018-10-10
RLC_SH,CN0VT64TCMK007CNA102,QC3,2018-10-10
RLC_SH,CN0W5VXR129636580F39,QC3,2018-10-10
RLC_SH,CN0W5VXR1296367K065A,QC3,2018-10-10
RLC_SH,CN0W5VXR1296367M0598,QC3,2018-10-10
RLC_SH,CN0W5VXR129636AA05E7,QC3,2018-10-10
RLC_SH,CN0W5VXRCMK0075S0012,QC3,2018-10-10
RLC_SH,CN0WN63WCMK0086700CA,QC3,2018-10-10
RLC_SH,CN0X1DM7CMK0084HA498,QC3,2018-10-10
RLC_SH,CN0X1DM7CMK00867013A,QC3,2018-10-10
RLC_SH,CN0X1DM7CMK0087O0151,QC3,2018-10-10
RLC_SH,CN0XDPDMCMK007B70923,QC3,2018-10-10
RLC_SH,CN0Y100T1296369S07AE,QC3,2018-10-10
RLC_SH,CN0YJCKF129636CG0272,QC3,2018-10-10
RLC_SH,CN00VP1VCMK0077I0EBA,QC2,2018-10-10
RLC_SH,CN01JF8K1296368OA7D0,QC2,2018-10-10
RLC_SH,CN01T7K3CMK0083F056D,QC2,2018-10-10
RLC_SH,CN01WVFWCMK007CNA0D8,QC2,2018-10-10
RLC_SH,CN02N9PDCMK007CNA34E,QC2,2018-10-10
RLC_SH,CN03YC67CMK0085M01C1,QC2,2018-10-10
RLC_SH,CN03YC67CMK0085M01DB,QC2,2018-10-10
RLC_SH,CN04GTKNCMK007BA0272,QC2,2018-10-10
RLC_SH,CN04GTKNCMK00846060E,QC2,2018-10-10
RLC_SH,CN04N1PT1296365M0073,QC2,2018-10-10
RLC_SH,CN04XXXHCMK007CK00C7,QC2,2018-10-10
RLC_SH,CN062KP11296371A0C41,QC2,2018-10-10
RLC_SH,CN06DFFCCMK0079F0398,QC2,2018-10-10
RLC_SH,CN08065FCMK0083C0608,QC2,2018-10-10
RLC_SH,CN0956MF129635CP023A,QC2,2018-10-10
RLC_SH,CN0987G8CMK007CG00FB,QC2,2018-10-10
RLC_SH,CN09TJV5CMK0076B021F,QC2,2018-10-10
RLC_SH,CN09TJV5CMK0078902F4,QC2,2018-10-10
RLC_SH,CN09WH9DCMK0076H038D,QC2,2018-10-10
RLC_SH,CN09WH9DCMK0078C083F,QC2,2018-10-10
RLC_SH,CN09WH9DCMK0078S042F,QC2,2018-10-10
RLC_SH,CN09WVX3129636760972,QC2,2018-10-10
RLC_SH,CN09WVX312963697083F,QC2,2018-10-10
RLC_SH,CN0C9JPKCMK00824068A,QC2,2018-10-10
RLC_SH,CN0CJWHXCMK007BU02DF,QC2,2018-10-10
RLC_SH,CN0CXWHPCMK0078H10A8,QC2,2018-10-10
RLC_SH,CN0DD2WPCMK0077A0205,QC2,2018-10-10
RLC_SH,CN0DGYY51296367V00CA,QC2,2018-10-10
RLC_SH,CN0DGYY5129636C6A031,QC2,2018-10-10
RLC_SH,CN0DGYY5CMK0073P1427,QC2,2018-10-10
RLC_SH,CN0F48NDCMK007B50464,QC2,2018-10-10
RLC_SH,CN0F48NDCMK007C40B1B,QC2,2018-10-10
RLC_SH,CN0F68DXCMK007B90039,QC2,2018-10-10
RLC_SH,CN0FCY9K1296364103A4,QC2,2018-10-10
RLC_SH,CN0G5NRKCMK007CNA002,QC2,2018-10-10
RLC_SH,CN0G5NRKCMK007CNA00E,QC2,2018-10-10
RLC_SH,CN0G5NRKCMK007CNA037,QC2,2018-10-10
RLC_SH,CN0G5TN0129636630008,QC2,2018-10-10
RLC_SH,CN0G5TN01296366301E3,QC2,2018-10-10
RLC_SH,CN0G5TN0129636630383,QC2,2018-10-10
RLC_SH,CN0G5TN0CMK0073I0376,QC2,2018-10-10
RLC_SH,CN0G5TN0CMK007530407,QC2,2018-10-10
RLC_SH,CN0GKGF4CMK007CNA0EA,QC2,2018-10-10
RLC_SH,CN0GRVPWCMK0081808F2,QC2,2018-10-10
RLC_SH,CN0GYK0T1296367609B9,QC2,2018-10-10
RLC_SH,CN0H7Y7K129636BB0224,QC2,2018-10-10
RLC_SH,CN0H7Y7KCMK0074H0CC7,QC2,2018-10-10
RLC_SH,CN0H91VTCMK0082L0096,QC2,2018-10-10
RLC_SH,CN0HPRCX129635BP0CD5,QC2,2018-10-10
RLC_SH,CN0J5R86CMK0076K0091,QC2,2018-10-10
RLC_SH,CN0J9Y2F1296373402B9,QC2,2018-10-10
RLC_SH,CN0J9Y2FCMK00828A015,QC2,2018-10-10
RLC_SH,CN0K1X1P1296359K0070,QC2,2018-10-10
RLC_SH,CN0K1X1P129635BH0523,QC2,2018-10-10
RLC_SH,CN0KMHTN129636870740,QC2,2018-10-10
RLC_SH,CN0KMHTN129636AJ0429,QC2,2018-10-10
RLC_SH,CN0KMHTN129636CF0168,QC2,2018-10-10
RLC_SH,CN0KMHTNCMK0075T1370,QC2,2018-10-10
RLC_SH,CN0M60PHCMK0076M0046,QC2,2018-10-10
RLC_SH,CN0M7DMCCMK0077M01C5,QC2,2018-10-10
RLC_SH,CN0M7DMCCMK0081D0373,QC2,2018-10-10
RLC_SH,CN0M7DMCCMK0083501FA,QC2,2018-10-10
RLC_SH,CN0M7DMCCMK0084D0004,QC2,2018-10-10
RLC_SH,CN0N5NX1129635B8087B,QC2,2018-10-10
RLC_SH,CN0N5NX1129635CI02D8,QC2,2018-10-10
RLC_SH,CN0NHF30CMK0077C065C,QC2,2018-10-10
RLC_SH,CN0NHF30CMK007CK0049,QC2,2018-10-10
RLC_SH,CN0NJC76CMK007CJ0482,QC2,2018-10-10
RLC_SH,CN0PCVDX12963695A01E,QC2,2018-10-10
RLC_SH,CN0PVN0FCMK007C40024,QC2,2018-10-10
RLC_SH,CN0RYRTD129635C3A015,QC2,2018-10-10
RLC_SH,CN0T73CFCMK0085MA35A,QC2,2018-10-10
RLC_SH,CN0T73CFCMK008660228,QC2,2018-10-10
RLC_SH,CN0TVCVWCMK0077N007F,QC2,2018-10-10
RLC_SH,CN0VD2G7CMK007BU02B2,QC2,2018-10-10
RLC_SH,CN0VH2K9CMK007CNA21B,QC2,2018-10-10
RLC_SH,CN0VH2K9CMK007CNA21C,QC2,2018-10-10
RLC_SH,CN0VT64TCMK007CNA0FA,QC2,2018-10-10
RLC_SH,CN0VT64TCMK007CNA0FC,QC2,2018-10-10
RLC_SH,CN0VT64TCMK007CNA100,QC2,2018-10-10
RLC_SH,CN0VT64TCMK007CNA102,QC2,2018-10-10
RLC_SH,CN0VXWY2CMK00784011F,QC2,2018-10-10
RLC_SH,CN0W5VXR129636580F39,QC2,2018-10-10
RLC_SH,CN0W5VXR1296367K065A,QC2,2018-10-10
RLC_SH,CN0W5VXR1296367M0598,QC2,2018-10-10
RLC_SH,CN0W5VXR1296367V0093,QC2,2018-10-10
RLC_SH,CN0W5VXR129636AA05E7,QC2,2018-10-10
RLC_SH,CN0WH96JCMK0076A0001,QC2,2018-10-10
RLC_SH,CN0X1DM7CMK0087O0151,QC2,2018-10-10
RLC_SH,CN0X3DVX1296362S004A,QC2,2018-10-10
RLC_SH,CN0Y100T1296369S07AE,QC2,2018-10-10
RLC_SH,CN0YJCKF129636CG0272,QC2,2018-10-10
RLC_SH,CN0YJCKF1296373D02AB,QC2,2018-10-10
RLC_SH,CN00TX5K1296363B0048,QC3,2018-10-11
RLC_SH,CN00VTMH1296369CA6C0,QC3,2018-10-11
RLC_SH,CN01JF8K1296368OA7D0,QC3,2018-10-11
RLC_SH,CN01JF8KCMK0074O0111,QC3,2018-10-11
RLC_SH,CN01RP9WCMK007CCA5EC,QC3,2018-10-11
RLC_SH,CN01T7K3CMK0083F056D,QC3,2018-10-11
RLC_SH,CN01WVFWCMK007CNA0CD,QC3,2018-10-11
RLC_SH,CN01WVFWCMK007CNA0D3,QC3,2018-10-11
RLC_SH,CN01Y20Y1296369S00AD,QC3,2018-10-11
RLC_SH,CN02N9PDCMK007CNA34E,QC3,2018-10-11
RLC_SH,CN02V614129635B50529,QC3,2018-10-11
RLC_SH,CN03MK2NCMK007CCA1A8,QC3,2018-10-11
RLC_SH,CN03MK2NCMK00864A02E,QC3,2018-10-11
RLC_SH,CN041M0MCMK007CFA05A,QC3,2018-10-11
RLC_SH,CN04CNY41296359H0F47,QC3,2018-10-11
RLC_SH,CN04GTKNCMK007BA0272,QC3,2018-10-11
RLC_SH,CN04N1PT1296365M0073,QC3,2018-10-11
RLC_SH,CN04N1PTCMK0075JA004,QC3,2018-10-11
RLC_SH,CN04P27DCMK007C9A6F5,QC3,2018-10-11
RLC_SH,CN04P27DCMK0081BA7AD,QC3,2018-10-11
RLC_SH,CN04XXXHCMK007CK00C7,QC3,2018-10-11
RLC_SH,CN04XXXHCMK0087BA4B9,QC3,2018-10-11
RLC_SH,CN05913YCMK007CNA12A,QC3,2018-10-11
RLC_SH,CN05913YCMK007CNA13A,QC3,2018-10-11
RLC_SH,CN05913YCMK0084KA002,QC3,2018-10-11
RLC_SH,CN05913YCMK0084KA009,QC3,2018-10-11
RLC_SH,CN05913YCMK0086I0B24,QC3,2018-10-11
RLC_SH,CN062KP11296364801BA,QC3,2018-10-11
RLC_SH,CN06G2HC12963584A061,QC3,2018-10-11
RLC_SH,CN06G7J8CMK008130159,QC3,2018-10-11
RLC_SH,CN097VY7CMK007B5042A,QC3,2018-10-11
RLC_SH,CN09MTYRCMK0074G0358,QC3,2018-10-11
RLC_SH,CN09TJV5CMK0076B0222,QC3,2018-10-11
RLC_SH,CN09WVX31296364L01B2,QC3,2018-10-11
RLC_SH,CN09WVX3129636BC0773,QC3,2018-10-11
RLC_SH,CN09WVX3129636CF12A7,QC3,2018-10-11
RLC_SH,CN0C9JPKCMK00785021F,QC3,2018-10-11
RLC_SH,CN0C9JPKCMK007CS033A,QC3,2018-10-11
RLC_SH,CN0CJ0VTCMK007CNA1E8,QC3,2018-10-11
RLC_SH,CN0CJ0VTCMK007CNA1F7,QC3,2018-10-11
RLC_SH,CN0CJWHXCMK007BU02DF,QC3,2018-10-11
RLC_SH,CN0CKMC0CMK00842098B,QC3,2018-10-11
RLC_SH,CN0CXWHPCMK0078H10A8,QC3,2018-10-11
RLC_SH,CN0D54K4CMK0085C00CB,QC3,2018-10-11
RLC_SH,CN0DGYY5129636AE113A,QC3,2018-10-11
RLC_SH,CN0F48NDCMK007B50464,QC3,2018-10-11
RLC_SH,CN0F48NDCMK007B5046D,QC3,2018-10-11
RLC_SH,CN0F68DXCMK0083MA178,QC3,2018-10-11
RLC_SH,CN0G3N02CMK00864A019,QC3,2018-10-11
RLC_SH,CN0G5NRKCMK007CNA00A,QC3,2018-10-11
RLC_SH,CN0G5NRKCMK007CNA02F,QC3,2018-10-11
RLC_SH,CN0G5NRKCMK007CNA03B,QC3,2018-10-11
RLC_SH,CN0G5TN012963666025C,QC3,2018-10-11
RLC_SH,CN0G5TN0CMK007530407,QC3,2018-10-11
RLC_SH,CN0GRNH7CMK007CNA156,QC3,2018-10-11
RLC_SH,CN0GRNH7CMK0086MA004,QC3,2018-10-11
RLC_SH,CN0GYK0TCMK007410004,QC3,2018-10-11
RLC_SH,CN0H7Y7KCMK0074H0CC7,QC3,2018-10-11
RLC_SH,CN0H91VTCMK0082L0096,QC3,2018-10-11
RLC_SH,CN0HPRCX129635B3076A,QC3,2018-10-11
RLC_SH,CN0HW7C4CMK0082D0144,QC3,2018-10-11
RLC_SH,CN0HY0XC1296366D019B,QC3,2018-10-11
RLC_SH,CN0HY0XC129636AN014A,QC3,2018-10-11
RLC_SH,CN0J9HWGCMK0081BA73B,QC3,2018-10-11
RLC_SH,CN0J9HWGCMK0081BA741,QC3,2018-10-11
RLC_SH,CN0KV3KVCMK007850480,QC3,2018-10-11
RLC_SH,CN0M60PH1296373702D2,QC3,2018-10-11
RLC_SH,CN0M60PH1296373D009B,QC3,2018-10-11
RLC_SH,CN0M79GGCMK007CNA142,QC3,2018-10-11
RLC_SH,CN0M7DMCCMK0077M01C5,QC3,2018-10-11
RLC_SH,CN0M7DMCCMK0083101A6,QC3,2018-10-11
RLC_SH,CN0MF60T129636BA0BF1,QC3,2018-10-11
RLC_SH,CN0MF60TCMK00748067D,QC3,2018-10-11
RLC_SH,CN0MP2YXCMK00785068A,QC3,2018-10-11
RLC_SH,CN0MWGPYCMK0087AA164,QC3,2018-10-11
RLC_SH,CN0NDV0T129636880229,QC3,2018-10-11
RLC_SH,CN0NDV0T1296372P0164,QC3,2018-10-11
RLC_SH,CN0NHF30CMK0081705AD,QC3,2018-10-11
RLC_SH,CN0NJFT2CMK0081FA43C,QC3,2018-10-11
RLC_SH,CN0PCVDX129636AC0AB5,QC3,2018-10-11
RLC_SH,CN0R0YRFCMK00766051D,QC3,2018-10-11
RLC_SH,CN0RH40RCMK008650063,QC3,2018-10-11
RLC_SH,CN0RTYR2CMK0073S01DC,QC3,2018-10-11
RLC_SH,CN0RTYR2CMK0078V003A,QC3,2018-10-11
RLC_SH,CN0RTYR2CMK007AD03FD,QC3,2018-10-11
RLC_SH,CN0RTYR2CMK0086J093F,QC3,2018-10-11
RLC_SH,CN0TVCVWCMK007CM0279,QC3,2018-10-11
RLC_SH,CN0V1GN1CMK007CL0A64,QC3,2018-10-11
RLC_SH,CN0V20K612963724A02A,QC3,2018-10-11
RLC_SH,CN0VH2K9CMK007CNA207,QC3,2018-10-11
RLC_SH,CN0VH2K9CMK007CNA21A,QC3,2018-10-11
RLC_SH,CN0VN7NP1296363Q08FE,QC3,2018-10-11
RLC_SH,CN0VT64TCMK007CNA0FB,QC3,2018-10-11
RLC_SH,CN0VT64TCMK007CNA103,QC3,2018-10-11
RLC_SH,CN0VT64TCMK007CNA124,QC3,2018-10-11
RLC_SH,CN0VXWY2CMK00784011F,QC3,2018-10-11
RLC_SH,CN0W5VXR1296367V0093,QC3,2018-10-11
RLC_SH,CN0W5VXR129636820037,QC3,2018-10-11
RLC_SH,CN0W5VXR129636BE0C4A,QC3,2018-10-11
RLC_SH,CN0W5VXR129636CS0234,QC3,2018-10-11
RLC_SH,CN0W5VXR1296373600C6,QC3,2018-10-11
RLC_SH,CN0W5VXRCMK007450078,QC3,2018-10-11
RLC_SH,CN0WH96JCMK0076A0001,QC3,2018-10-11
RLC_SH,CN0X3DVX1296362S004A,QC3,2018-10-11
RLC_SH,CN0YF9VMCMK0082Q123C,QC3,2018-10-11
RLC_SH,CN0YF9VMCMK008410007,QC3,2018-10-11
RLC_SH,CN0YJCKF12963678010C,QC3,2018-10-11
RLC_SH,CN0YJCKF1296371U0195,QC3,2018-10-11
RLC_SH,CN0YJCKF1296373D02AB,QC3,2018-10-11
RLC_SH,CN0YJNVFCMK007CHA00E,QC3,2018-10-11
RLC_SH,CN0YJNVFCMK007CHA015,QC3,2018-10-11
RLC_SH,CN0YT6F51296372EA003,QC3,2018-10-11
RLC_SH,CN00TX5K1296363B0048,QC2,2018-10-11
RLC_SH,CN00VTMH1296369CA6C0,QC2,2018-10-11
RLC_SH,CN01JF8KCMK0074O0111,QC2,2018-10-11
RLC_SH,CN01RP9WCMK007CCA5EC,QC2,2018-10-11
RLC_SH,CN01WVFWCMK007CNA0CD,QC2,2018-10-11
RLC_SH,CN01WVFWCMK007CNA0D3,QC2,2018-10-11
RLC_SH,CN01Y20Y1296369S00AD,QC2,2018-10-11
RLC_SH,CN024X3YCMK0075O02E4,QC2,2018-10-11
RLC_SH,CN02V614129635B50529,QC2,2018-10-11
RLC_SH,CN02VH13CMK0079R008B,QC2,2018-10-11
RLC_SH,CN03MK2NCMK007CCA1A8,QC2,2018-10-11
RLC_SH,CN03MK2NCMK00864A02E,QC2,2018-10-11
RLC_SH,CN041M0MCMK007CFA05A,QC2,2018-10-11
RLC_SH,CN04CNY41296359H0F47,QC2,2018-10-11
RLC_SH,CN04N1PTCMK0075JA004,QC2,2018-10-11
RLC_SH,CN04P27DCMK007C9A6F5,QC2,2018-10-11
RLC_SH,CN04P27DCMK007C9A701,QC2,2018-10-11
RLC_SH,CN04P27DCMK0081BA7AD,QC2,2018-10-11
RLC_SH,CN04XXXHCMK0087BA4B9,QC2,2018-10-11
RLC_SH,CN05913YCMK007CNA12A,QC2,2018-10-11
RLC_SH,CN05913YCMK007CNA13A,QC2,2018-10-11
RLC_SH,CN05913YCMK0083M02CA,QC2,2018-10-11
RLC_SH,CN05913YCMK0084KA002,QC2,2018-10-11
RLC_SH,CN05913YCMK0084KA009,QC2,2018-10-11
RLC_SH,CN05913YCMK0086I0B24,QC2,2018-10-11
RLC_SH,CN062KP11296364801BA,QC2,2018-10-11
RLC_SH,CN06G2HC12963584A061,QC2,2018-10-11
RLC_SH,CN06G7J8CMK008130159,QC2,2018-10-11
RLC_SH,CN097VY7CMK007B5042A,QC2,2018-10-11
RLC_SH,CN09MTYRCMK0074G0358,QC2,2018-10-11
RLC_SH,CN09MTYRCMK0076LA008,QC2,2018-10-11
RLC_SH,CN09TJV5CMK0076B0222,QC2,2018-10-11
RLC_SH,CN09WVX31296364L01B2,QC2,2018-10-11
RLC_SH,CN09WVX3129636BC0773,QC2,2018-10-11
RLC_SH,CN09WVX3129636CF12A7,QC2,2018-10-11
RLC_SH,CN0C9JPKCMK00785021F,QC2,2018-10-11
RLC_SH,CN0C9JPKCMK007CS033A,QC2,2018-10-11
RLC_SH,CN0CJ0VTCMK007CNA1E8,QC2,2018-10-11
RLC_SH,CN0CJ0VTCMK007CNA1F7,QC2,2018-10-11
RLC_SH,CN0CKMC0CMK00842098B,QC2,2018-10-11
RLC_SH,CN0D54K4CMK0085C00CB,QC2,2018-10-11
RLC_SH,CN0DGYY5129636AE113A,QC2,2018-10-11
RLC_SH,CN0DGYY5CMK007670905,QC2,2018-10-11
RLC_SH,CN0F48NDCMK007B5046D,QC2,2018-10-11
RLC_SH,CN0F68DXCMK0083MA178,QC2,2018-10-11
RLC_SH,CN0G3N02CMK00864A019,QC2,2018-10-11
RLC_SH,CN0G5NRKCMK007CNA00A,QC2,2018-10-11
RLC_SH,CN0G5NRKCMK007CNA02F,QC2,2018-10-11
RLC_SH,CN0G5NRKCMK007CNA03B,QC2,2018-10-11
RLC_SH,CN0G5TN012963666025C,QC2,2018-10-11
RLC_SH,CN0GN6M8CMK0086L00E7,QC2,2018-10-11
RLC_SH,CN0GRNH7CMK007CNA156,QC2,2018-10-11
RLC_SH,CN0GRNH7CMK007CNA177,QC2,2018-10-11
RLC_SH,CN0GRNH7CMK0086MA004,QC2,2018-10-11
RLC_SH,CN0GYK0TCMK007410004,QC2,2018-10-11
RLC_SH,CN0HPRCX129635B3076A,QC2,2018-10-11
RLC_SH,CN0HW7C4CMK0082D0144,QC2,2018-10-11
RLC_SH,CN0HY0XC1296366D019B,QC2,2018-10-11
RLC_SH,CN0HY0XC129636AN014A,QC2,2018-10-11
RLC_SH,CN0J9HWGCMK0081BA73B,QC2,2018-10-11
RLC_SH,CN0J9HWGCMK0081BA741,QC2,2018-10-11
RLC_SH,CN0KV3KVCMK007850480,QC2,2018-10-11
RLC_SH,CN0M60PH1296373702D2,QC2,2018-10-11
RLC_SH,CN0M60PH1296373D009B,QC2,2018-10-11
RLC_SH,CN0M79GGCMK007CNA142,QC2,2018-10-11
RLC_SH,CN0M7DMCCMK007AO00BC,QC2,2018-10-11
RLC_SH,CN0M7DMCCMK0083101A6,QC2,2018-10-11
RLC_SH,CN0MF60T129636BA0BF1,QC2,2018-10-11
RLC_SH,CN0MF60TCMK00748067D,QC2,2018-10-11
RLC_SH,CN0MP2YXCMK00785068A,QC2,2018-10-11
RLC_SH,CN0MWGPYCMK0087AA164,QC2,2018-10-11
RLC_SH,CN0N798XCMK007C9A022,QC2,2018-10-11
RLC_SH,CN0NDV0T129636880229,QC2,2018-10-11
RLC_SH,CN0NDV0T1296372P0164,QC2,2018-10-11
RLC_SH,CN0NHF30CMK0081705AD,QC2,2018-10-11
RLC_SH,CN0NJFT2CMK0081FA43C,QC2,2018-10-11
RLC_SH,CN0PCVDX129636AC0AB5,QC2,2018-10-11
RLC_SH,CN0R0YRFCMK00766051D,QC2,2018-10-11
RLC_SH,CN0RH40RCMK008650063,QC2,2018-10-11
RLC_SH,CN0RTYR2CMK0073S01DC,QC2,2018-10-11
RLC_SH,CN0RTYR2CMK0078V003A,QC2,2018-10-11
RLC_SH,CN0RTYR2CMK007AD03FD,QC2,2018-10-11
RLC_SH,CN0RTYR2CMK0086J093F,QC2,2018-10-11
RLC_SH,CN0TVCVWCMK007CM0279,QC2,2018-10-11
RLC_SH,CN0V1GN1CMK007CL0A64,QC2,2018-10-11
RLC_SH,CN0V20K612963724A02A,QC2,2018-10-11
RLC_SH,CN0VH2K9CMK007CNA207,QC2,2018-10-11
RLC_SH,CN0VH2K9CMK007CNA21A,QC2,2018-10-11
RLC_SH,CN0VH2K9CMK007CNA229,QC2,2018-10-11
RLC_SH,CN0VN7NP1296363Q08FE,QC2,2018-10-11
RLC_SH,CN0VT64TCMK007CNA0FB,QC2,2018-10-11
RLC_SH,CN0VT64TCMK007CNA103,QC2,2018-10-11
RLC_SH,CN0VT64TCMK007CNA124,QC2,2018-10-11
RLC_SH,CN0W5VXR129636820037,QC2,2018-10-11
RLC_SH,CN0W5VXR129636BE0C4A,QC2,2018-10-11
RLC_SH,CN0W5VXR129636CS0234,QC2,2018-10-11
RLC_SH,CN0W5VXR1296373600C6,QC2,2018-10-11
RLC_SH,CN0W5VXRCMK007450078,QC2,2018-10-11
RLC_SH,CN0YF9VMCMK0082Q123C,QC2,2018-10-11
RLC_SH,CN0YF9VMCMK008410007,QC2,2018-10-11
RLC_SH,CN0YJCKF12963678010C,QC2,2018-10-11
RLC_SH,CN0YJCKF1296371U0195,QC2,2018-10-11
RLC_SH,CN0YJNVFCMK007CHA00E,QC2,2018-10-11
RLC_SH,CN0YJNVFCMK007CHA015,QC2,2018-10-11
RLC_SH,CN0YNX9N1296359U02AE,QC2,2018-10-11
RLC_SH,CN0YT6F51296372EA003,QC2,2018-10-11
RLC-SH,CN00PFGC1296368U001E,QC2,2018-10-12
RLC-SH,CN00PFGC129636B50341,QC2,2018-10-12
RLC-SH,CN01DMJHCMK007CGA1A9,QC2,2018-10-12
RLC-SH,CN01DMJHCMK007CGA1B2,QC2,2018-10-12
RLC-SH,CN01DMJHCMK00838A376,QC2,2018-10-12
RLC-SH,CN01DMJHCMK00838A37F,QC2,2018-10-12
RLC-SH,CN01DMJHCMK00838A383,QC2,2018-10-12
RLC-SH,CN01RP9WCMK007CCA5E8,QC2,2018-10-12
RLC-SH,CN01T7K3CMK007CC0202,QC2,2018-10-12
RLC-SH,CN01T7K3CMK0088A02F3,QC2,2018-10-12
RLC-SH,CN01TWGWCMK0083N059F,QC2,2018-10-12
RLC-SH,CN01WVFWCMK007CNA0C5,QC2,2018-10-12
RLC-SH,CN01WVFWCMK007CNA0D4,QC2,2018-10-12
RLC-SH,CN01WVFWCMK007CNA0DC,QC2,2018-10-12
RLC-SH,CN02766VCMK007CCA273,QC2,2018-10-12
RLC-SH,CN02R1TC12963615A02B,QC2,2018-10-12
RLC-SH,CN02VH13CMK0076I0142,QC2,2018-10-12
RLC-SH,CN02VH13CMK0087HA00C,QC2,2018-10-12
RLC-SH,CN03MK2NCMK007CCA148,QC2,2018-10-12
RLC-SH,CN03MK2NCMK00864A015,QC2,2018-10-12
RLC-SH,CN047MHN1296367D0449,QC2,2018-10-12
RLC-SH,CN04P27DCMK0081BA7B2,QC2,2018-10-12
RLC-SH,CN04P27DCMK0081BA7B5,QC2,2018-10-12
RLC-SH,CN04XXXHCMK0075T00F3,QC2,2018-10-12
RLC-SH,CN05913YCMK007CNA11A,QC2,2018-10-12
RLC-SH,CN05913YCMK0084KA012,QC2,2018-10-12
RLC-SH,CN05913YCMK0084Q07DA,QC2,2018-10-12
RLC-SH,CN062KP1129636CE0141,QC2,2018-10-12
RLC-SH,CN06G2HC1296363906E1,QC2,2018-10-12
RLC-SH,CN06G7J8CMK0073LA013,QC2,2018-10-12
RLC-SH,CN093WF9CMK007CCA562,QC2,2018-10-12
RLC-SH,CN09MTYRCMK0074H0060,QC2,2018-10-12
RLC-SH,CN09PJNKCMK0079E10A6,QC2,2018-10-12
RLC-SH,CN09WH9DCMK0076H05CE,QC2,2018-10-12
RLC-SH,CN09WVX31296364905E8,QC2,2018-10-12
RLC-SH,CN09WVX31296367F030C,QC2,2018-10-12
RLC-SH,CN09WVX3129636AE03D7,QC2,2018-10-12
RLC-SH,CN09WVX31296371A0B66,QC2,2018-10-12
RLC-SH,CN0C9JPKCMK0087J0302,QC2,2018-10-12
RLC-SH,CN0CJ0VTCMK007CNA1E4,QC2,2018-10-12
RLC-SH,CN0CJ0VTCMK007CNA1ED,QC2,2018-10-12
RLC-SH,CN0CJ0VTCMK007CNA1F9,QC2,2018-10-12
RLC-SH,CN0CJ0VTCMK007CNA1FD,QC2,2018-10-12
RLC-SH,CN0CJ0VTCMK007CNA21E,QC2,2018-10-12
RLC-SH,CN0CT6F5CMK0081AA41F,QC2,2018-10-12
RLC-SH,CN0CXWHPCMK0076900C3,QC2,2018-10-12
RLC-SH,CN0CXWHPCMK0078M0703,QC2,2018-10-12
RLC-SH,CN0D5CH1129635C9053F,QC2,2018-10-12
RLC-SH,CN0D5CH1129635CH046F,QC2,2018-10-12
RLC-SH,CN0DGYY51296367V11B6,QC2,2018-10-12
RLC-SH,CN0F31KVCMK007C9A1B9,QC2,2018-10-12
RLC-SH,CN0F32RK1296365O0125,QC2,2018-10-12
RLC-SH,CN0F32RKCMK00755011C,QC2,2018-10-12
RLC-SH,CN0G3N02CMK007CCA1BD,QC2,2018-10-12
RLC-SH,CN0G3N02CMK0081AA4EF,QC2,2018-10-12
RLC-SH,CN0G3N02CMK00864A001,QC2,2018-10-12
RLC-SH,CN0G3N02CMK00864A006,QC2,2018-10-12
RLC-SH,CN0G3N02CMK00864A00C,QC2,2018-10-12
RLC-SH,CN0G5NRKCMK007CNA035,QC2,2018-10-12
RLC-SH,CN0G5NRKCMK007CNA038,QC2,2018-10-12
RLC-SH,CN0G5NRKCMK007CNA039,QC2,2018-10-12
RLC-SH,CN0G5NRKCMK007CNA03C,QC2,2018-10-12
RLC-SH,CN0G5TN01296361M01EC,QC2,2018-10-12
RLC-SH,CN0G5TN012963663032D,QC2,2018-10-12
RLC-SH,CN0G5TN01296366800E3,QC2,2018-10-12
RLC-SH,CN0G5TN0CMK0073Q0123,QC2,2018-10-12
RLC-SH,CN0G5TN0CMK0074500B4,QC2,2018-10-12
RLC-SH,CN0GRNH7CMK007CNA15D,QC2,2018-10-12
RLC-SH,CN0GRNH7CMK007CNA17D,QC2,2018-10-12
RLC-SH,CN0GRNH7CMK007CNA181,QC2,2018-10-12
RLC-SH,CN0GRNH7CMK0081MA181,QC2,2018-10-12
RLC-SH,CN0GRVPWCMK0075T03EF,QC2,2018-10-12
RLC-SH,CN0GRVPWCMK007BP009F,QC2,2018-10-12
RLC-SH,CN0J5R861296372I0027,QC2,2018-10-12
RLC-SH,CN0J8CVMCMK0084PA007,QC2,2018-10-12
RLC-SH,CN0J8CVMCMK0084PA00E,QC2,2018-10-12
RLC-SH,CN0J9HWGCMK0081BA738,QC2,2018-10-12
RLC-SH,CN0J9HWGCMK0081BA747,QC2,2018-10-12
RLC-SH,CN0JDCM5CMK0081BA8CA,QC2,2018-10-12
RLC-SH,CN0KJK6X129635B502D9,QC2,2018-10-12
RLC-SH,CN0KJK6X1296364L0465,QC2,2018-10-12
RLC-SH,CN0KMHTN1296368P0C83,QC2,2018-10-12
RLC-SH,CN0KMHTN129636970750,QC2,2018-10-12
RLC-SH,CN0KMHTN1296371S0267,QC2,2018-10-12
RLC-SH,CN0KMHTN129637360ADA,QC2,2018-10-12
RLC-SH,CN0KMHTNCMK0073T0628,QC2,2018-10-12
RLC-SH,CN0KV3KVCMK0075J0042,QC2,2018-10-12
RLC-SH,CN0KV3KVCMK0075J0091,QC2,2018-10-12
RLC-SH,CN0M60PHCMK0074L0121,QC2,2018-10-12
RLC-SH,CN0M60PHCMK0074O0130,QC2,2018-10-12
RLC-SH,CN0M7DMCCMK00831020D,QC2,2018-10-12
RLC-SH,CN0MWGPYCMK007AH04A3,QC2,2018-10-12
RLC-SH,CN0MWGPYCMK007BN0297,QC2,2018-10-12
RLC-SH,CN0N798XCMK007C9A01B,QC2,2018-10-12
RLC-SH,CN0N798XCMK007C9A02B,QC2,2018-10-12
RLC-SH,CN0NHF30CMK0076N00A1,QC2,2018-10-12
RLC-SH,CN0NJC76CMK007AG018C,QC2,2018-10-12
RLC-SH,CN0NJFT2CMK007CNA1A9,QC2,2018-10-12
RLC-SH,CN0NJFT2CMK007CNA1AF,QC2,2018-10-12
RLC-SH,CN0NJFT2CMK007CNA1B5,QC2,2018-10-12
RLC-SH,CN0NJFT2CMK007CNA1B6,QC2,2018-10-12
RLC-SH,CN0NJFT2CMK0081FA428,QC2,2018-10-12
RLC-SH,CN0NJFT2CMK0081FA42D,QC2,2018-10-12
RLC-SH,CN0NPPYWCMK00815A001,QC2,2018-10-12
RLC-SH,CN0NPPYWCMK0087EA558,QC2,2018-10-12
RLC-SH,CN0PHP7PCMK007CGA24E,QC2,2018-10-12
RLC-SH,CN0PHP7PCMK007CGA253,QC2,2018-10-12
RLC-SH,CN0PHP7PCMK007CGA256,QC2,2018-10-12
RLC-SH,CN0PHP7PCMK00838A581,QC2,2018-10-12
RLC-SH,CN0RH40RCMK007CS03A3,QC2,2018-10-12
RLC-SH,CN0T64M2CMK007C9A441,QC2,2018-10-12
RLC-SH,CN0T64M2CMK007C9A4BB,QC2,2018-10-12
RLC-SH,CN0TVCVWCMK0081505ED,QC2,2018-10-12
RLC-SH,CN0TXW4NCMK0086U0020,QC2,2018-10-12
RLC-SH,CN0VH2K9CMK007CNA202,QC2,2018-10-12
RLC-SH,CN0VT64TCMK007CNA0F2,QC2,2018-10-12
RLC-SH,CN0VT64TCMK007CNA0FE,QC2,2018-10-12
RLC-SH,CN0VT64TCMK007CNA123,QC2,2018-10-12
RLC-SH,CN0W5VXR1296364Q09CA,QC2,2018-10-12
RLC-SH,CN0W5VXR1296365K01A3,QC2,2018-10-12
RLC-SH,CN0W5VXR1296366T0453,QC2,2018-10-12
RLC-SH,CN0W5VXR1296368V03DC,QC2,2018-10-12
RLC-SH,CN0W5VXR129637370850,QC2,2018-10-12
RLC-SH,CN0WH96JCMK007AB0047,QC2,2018-10-12
RLC-SH,CN0WH96JCMK0086U01A3,QC2,2018-10-12
RLC-SH,CN0WHPNWCMK007CNA24E,QC2,2018-10-12
RLC-SH,CN0WHPNWCMK007CNA24F,QC2,2018-10-12
RLC-SH,CN0WHPNWCMK00831A001,QC2,2018-10-12
RLC-SH,CN0X0FTDCMK0086407C3,QC2,2018-10-12
RLC-SH,CN0YF9VMCMK007BS15DE,QC2,2018-10-12
RLC-SH,CN0YF9VMCMK0081C0CEF,QC2,2018-10-12
RLC-SH,CN0YF9VMCMK0086S0A02,QC2,2018-10-12
RLC-SH,CN0YJCKF1296369207BB,QC2,2018-10-12
RLC-SH,CN0YJCKF1296373D0225,QC2,2018-10-12
RLC-SH,CN0YNX9N129635A8120A,QC2,2018-10-12
RLC-SH,CN00PFGC1296368U001E,QC3,2018-10-12
RLC-SH,CN00PFGC129636B50341,QC3,2018-10-12
RLC-SH,CN01DMJHCMK007CGA1A9,QC3,2018-10-12
RLC-SH,CN01DMJHCMK00838A376,QC3,2018-10-12
RLC-SH,CN01DMJHCMK00838A37F,QC3,2018-10-12
RLC-SH,CN01DMJHCMK00838A383,QC3,2018-10-12
RLC-SH,CN01RP9WCMK007CCA5E8,QC3,2018-10-12
RLC-SH,CN01T7K3CMK007CC0202,QC3,2018-10-12
RLC-SH,CN01T7K3CMK0088A02F3,QC3,2018-10-12
RLC-SH,CN01TWGWCMK0083N059F,QC3,2018-10-12
RLC-SH,CN01WVFWCMK007CNA0C5,QC3,2018-10-12
RLC-SH,CN01WVFWCMK007CNA0D4,QC3,2018-10-12
RLC-SH,CN01WVFWCMK007CNA0DC,QC3,2018-10-12
RLC-SH,CN024X3YCMK0075O02E4,QC3,2018-10-12
RLC-SH,CN02R1TC12963615A02B,QC3,2018-10-12
RLC-SH,CN02VH13CMK0076I0142,QC3,2018-10-12
RLC-SH,CN02VH13CMK0079R008B,QC3,2018-10-12
RLC-SH,CN02VH13CMK0087HA00C,QC3,2018-10-12
RLC-SH,CN03MK2NCMK007CCA148,QC3,2018-10-12
RLC-SH,CN03MK2NCMK00864A015,QC3,2018-10-12
RLC-SH,CN047MHN1296367D0449,QC3,2018-10-12
RLC-SH,CN04P27DCMK007C9A701,QC3,2018-10-12
RLC-SH,CN04P27DCMK0081BA7B5,QC3,2018-10-12
RLC-SH,CN04XXXHCMK0075T00F3,QC3,2018-10-12
RLC-SH,CN05913YCMK0083M02CA,QC3,2018-10-12
RLC-SH,CN05913YCMK0084KA012,QC3,2018-10-12
RLC-SH,CN05913YCMK0084Q07DA,QC3,2018-10-12
RLC-SH,CN062KP1129636CE0141,QC3,2018-10-12
RLC-SH,CN06G2HC1296363906E1,QC3,2018-10-12
RLC-SH,CN093WF9CMK007CCA562,QC3,2018-10-12
RLC-SH,CN09MTYRCMK0074H0060,QC3,2018-10-12
RLC-SH,CN09MTYRCMK0076LA008,QC3,2018-10-12
RLC-SH,CN09WH9DCMK0076H05CE,QC3,2018-10-12
RLC-SH,CN09WVX31296364905E8,QC3,2018-10-12
RLC-SH,CN09WVX31296367F030C,QC3,2018-10-12
RLC-SH,CN09WVX3129636AE03D7,QC3,2018-10-12
RLC-SH,CN09WVX31296371A0B66,QC3,2018-10-12
RLC-SH,CN0CJ0VTCMK007CNA1E4,QC3,2018-10-12
RLC-SH,CN0CJ0VTCMK007CNA1ED,QC3,2018-10-12
RLC-SH,CN0CJ0VTCMK007CNA1F9,QC3,2018-10-12
RLC-SH,CN0CJ0VTCMK007CNA21E,QC3,2018-10-12
RLC-SH,CN0CXWHPCMK0076900C3,QC3,2018-10-12
RLC-SH,CN0CXWHPCMK0078M0703,QC3,2018-10-12
RLC-SH,CN0D5CH1129635C9053F,QC3,2018-10-12
RLC-SH,CN0DGYY51296367V11B6,QC3,2018-10-12
RLC-SH,CN0DGYY5CMK007670905,QC3,2018-10-12
RLC-SH,CN0F32RKCMK00755011C,QC3,2018-10-12
RLC-SH,CN0G3N02CMK007CCA1BD,QC3,2018-10-12
RLC-SH,CN0G3N02CMK0081AA4EF,QC3,2018-10-12
RLC-SH,CN0G3N02CMK00864A001,QC3,2018-10-12
RLC-SH,CN0G3N02CMK00864A006,QC3,2018-10-12
RLC-SH,CN0G3N02CMK00864A00C,QC3,2018-10-12
RLC-SH,CN0G5NRKCMK007CNA035,QC3,2018-10-12
RLC-SH,CN0G5NRKCMK007CNA038,QC3,2018-10-12
RLC-SH,CN0G5NRKCMK007CNA039,QC3,2018-10-12
RLC-SH,CN0G5NRKCMK007CNA03C,QC3,2018-10-12
RLC-SH,CN0G5TN012963663032D,QC3,2018-10-12
RLC-SH,CN0G5TN01296366800E3,QC3,2018-10-12
RLC-SH,CN0G5TN0CMK0073Q0123,QC3,2018-10-12
RLC-SH,CN0G5TN0CMK0074500B4,QC3,2018-10-12
RLC-SH,CN0GRNH7CMK007CNA15D,QC3,2018-10-12
RLC-SH,CN0GRNH7CMK007CNA177,QC3,2018-10-12
RLC-SH,CN0GRNH7CMK007CNA17D,QC3,2018-10-12
RLC-SH,CN0GRNH7CMK007CNA181,QC3,2018-10-12
RLC-SH,CN0GRNH7CMK0081MA181,QC3,2018-10-12
RLC-SH,CN0J5R861296372I0027,QC3,2018-10-12
RLC-SH,CN0KJK6X129635B502D9,QC3,2018-10-12
RLC-SH,CN0KJK6X1296364L0465,QC3,2018-10-12
RLC-SH,CN0KMHTN1296368P0C83,QC3,2018-10-12
RLC-SH,CN0KMHTN129636970750,QC3,2018-10-12
RLC-SH,CN0KMHTN1296371S0267,QC3,2018-10-12
RLC-SH,CN0KMHTN129637360ADA,QC3,2018-10-12
RLC-SH,CN0KMHTNCMK0073T0628,QC3,2018-10-12
RLC-SH,CN0M60PHCMK0074L0121,QC3,2018-10-12
RLC-SH,CN0M60PHCMK0074O0130,QC3,2018-10-12
RLC-SH,CN0M7DMCCMK007AO00BC,QC3,2018-10-12
RLC-SH,CN0M7DMCCMK00831020D,QC3,2018-10-12
RLC-SH,CN0MWGPYCMK007AH04A3,QC3,2018-10-12
RLC-SH,CN0MWGPYCMK007BN0297,QC3,2018-10-12
RLC-SH,CN0N798XCMK007C9A022,QC3,2018-10-12
RLC-SH,CN0NHF30CMK0076N00A1,QC3,2018-10-12
RLC-SH,CN0NJC76CMK007AG018C,QC3,2018-10-12
RLC-SH,CN0NJFT2CMK007CNA1A9,QC3,2018-10-12
RLC-SH,CN0NJFT2CMK007CNA1AF,QC3,2018-10-12
RLC-SH,CN0NJFT2CMK007CNA1B5,QC3,2018-10-12
RLC-SH,CN0NJFT2CMK007CNA1B6,QC3,2018-10-12
RLC-SH,CN0NJFT2CMK0081FA428,QC3,2018-10-12
RLC-SH,CN0NJFT2CMK0081FA42D,QC3,2018-10-12
RLC-SH,CN0PHP7PCMK007CGA24E,QC3,2018-10-12
RLC-SH,CN0PHP7PCMK007CGA253,QC3,2018-10-12
RLC-SH,CN0PHP7PCMK00838A581,QC3,2018-10-12
RLC-SH,CN0TVCVWCMK0081505ED,QC3,2018-10-12
RLC-SH,CN0TXW4NCMK0086U0020,QC3,2018-10-12
RLC-SH,CN0VH2K9CMK007CNA202,QC3,2018-10-12
RLC-SH,CN0VH2K9CMK007CNA229,QC3,2018-10-12
RLC-SH,CN0VT64TCMK007CNA0F2,QC3,2018-10-12
RLC-SH,CN0VT64TCMK007CNA0FE,QC3,2018-10-12
RLC-SH,CN0VT64TCMK007CNA123,QC3,2018-10-12
RLC-SH,CN0W5VXR1296364Q09CA,QC3,2018-10-12
RLC-SH,CN0W5VXR1296365K01A3,QC3,2018-10-12
RLC-SH,CN0W5VXR1296366T0453,QC3,2018-10-12
RLC-SH,CN0W5VXR1296368V03DC,QC3,2018-10-12
RLC-SH,CN0W5VXR129637370850,QC3,2018-10-12
RLC-SH,CN0WHPNWCMK007CNA24E,QC3,2018-10-12
RLC-SH,CN0WHPNWCMK00831A001,QC3,2018-10-12
RLC-SH,CN0X0FTDCMK0086407C3,QC3,2018-10-12
RLC-SH,CN0YJCKF1296369207BB,QC3,2018-10-12
RLC-SH,CN0YJCKF1296373D0225,QC3,2018-10-12
RLC-SH,CN0YNX9N1296359U02AE,QC3,2018-10-12
RLC-SH,CN0YNX9N129635A8120A,QC3,2018-10-12
RLC_SH,CN01DJ9GCMK007CT00DA,QC3,2018-10-13
RLC_SH,CN01DMJHCMK007CGA1A4,QC3,2018-10-13
RLC_SH,CN01DMJHCMK007CGA1A5,QC3,2018-10-13
RLC_SH,CN01DMJHCMK007CGA1A7,QC3,2018-10-13
RLC_SH,CN01DMJHCMK007CGA1AC,QC3,2018-10-13
RLC_SH,CN01DMJHCMK007CGA1B2,QC3,2018-10-13
RLC_SH,CN01DMJHCMK00838A370,QC3,2018-10-13
RLC_SH,CN01DMJHCMK00838A37A,QC3,2018-10-13
RLC_SH,CN01RP9WCMK007CCA5D9,QC3,2018-10-13
RLC_SH,CN01RP9WCMK007CCA5E0,QC3,2018-10-13
RLC_SH,CN01RP9WCMK007CCA5E6,QC3,2018-10-13
RLC_SH,CN01WVFWCMK007CNA0C6,QC3,2018-10-13
RLC_SH,CN01WVFWCMK007CNA0CC,QC3,2018-10-13
RLC_SH,CN024X3YCMK007CA0160,QC3,2018-10-13
RLC_SH,CN02766VCMK007CCA273,QC3,2018-10-13
RLC_SH,CN02VH131296373400EB,QC3,2018-10-13
RLC_SH,CN02X71HCMK007CNA18E,QC3,2018-10-13
RLC_SH,CN02XPCXCMK0087B0009,QC3,2018-10-13
RLC_SH,CN03MK2NCMK00864A004,QC3,2018-10-13
RLC_SH,CN03MK2NCMK00864A008,QC3,2018-10-13
RLC_SH,CN03MNCRCMK0078AA01A,QC3,2018-10-13
RLC_SH,CN03PN2HCMK0077T0116,QC3,2018-10-13
RLC_SH,CN03VWJKCMK0087H005A,QC3,2018-10-13
RLC_SH,CN041M0MCMK007CFA061,QC3,2018-10-13
RLC_SH,CN04P27DCMK007C9A6F9,QC3,2018-10-13
RLC_SH,CN04P27DCMK0081BA7AB,QC3,2018-10-13
RLC_SH,CN04P27DCMK0081BA7B2,QC3,2018-10-13
RLC_SH,CN04P27DCMK0081BA7BD,QC3,2018-10-13
RLC_SH,CN04XXXHCMK0075T017A,QC3,2018-10-13
RLC_SH,CN05913YCMK007CNA11A,QC3,2018-10-13
RLC_SH,CN05913YCMK00838048F,QC3,2018-10-13
RLC_SH,CN05913YCMK0084D0860,QC3,2018-10-13
RLC_SH,CN05913YCMK0084KA00D,QC3,2018-10-13
RLC_SH,CN05913YCMK0085C00AA,QC3,2018-10-13
RLC_SH,CN05913YCMK0085G0997,QC3,2018-10-13
RLC_SH,CN05913YCMK00867A115,QC3,2018-10-13
RLC_SH,CN0608KRCMK008890160,QC3,2018-10-13
RLC_SH,CN062KP11296369T01E3,QC3,2018-10-13
RLC_SH,CN062KP1129636BC016A,QC3,2018-10-13
RLC_SH,CN062KP11296372I054A,QC3,2018-10-13
RLC_SH,CN06DFFCCMK0076K01AB,QC3,2018-10-13
RLC_SH,CN06G7J8CMK0073LA013,QC3,2018-10-13
RLC_SH,CN07PGM9CMK0081J0401,QC3,2018-10-13
RLC_SH,CN07PGM9CMK0085H03A4,QC3,2018-10-13
RLC_SH,CN08XC5YCMK0081C0041,QC3,2018-10-13
RLC_SH,CN093WF9CMK007CCA51C,QC3,2018-10-13
RLC_SH,CN09PJNKCMK0079E10A6,QC3,2018-10-13
RLC_SH,CN09TJV5CMK007AC050E,QC3,2018-10-13
RLC_SH,CN09WH9DCMK0081N0160,QC3,2018-10-13
RLC_SH,CN0C9JPKCMK007AV00B9,QC3,2018-10-13
RLC_SH,CN0C9JPKCMK0087J0302,QC3,2018-10-13
RLC_SH,CN0CJ0VTCMK007CNA1EB,QC3,2018-10-13
RLC_SH,CN0CJ0VTCMK007CNA1FD,QC3,2018-10-13
RLC_SH,CN0CT6F5CMK007CCA2D3,QC3,2018-10-13
RLC_SH,CN0CT6F5CMK0081AA41F,QC3,2018-10-13
RLC_SH,CN0CT6F5CMK0086QA00A,QC3,2018-10-13
RLC_SH,CN0CT6F5CMK0087B0D88,QC3,2018-10-13
RLC_SH,CN0D54K4CMK0078N0A9A,QC3,2018-10-13
RLC_SH,CN0D5CH1129635CH046F,QC3,2018-10-13
RLC_SH,CN0D5CH11296363O0189,QC3,2018-10-13
RLC_SH,CN0D5CH11296363Q0584,QC3,2018-10-13
RLC_SH,CN0DGYY51296368P072C,QC3,2018-10-13
RLC_SH,CN0DGYY51296368P0EF9,QC3,2018-10-13
RLC_SH,CN0DTY10CMK00787023B,QC3,2018-10-13
RLC_SH,CN0F31KVCMK007C9A1AD,QC3,2018-10-13
RLC_SH,CN0F31KVCMK007C9A1B9,QC3,2018-10-13
RLC_SH,CN0F31KVCMK0084OA0EC,QC3,2018-10-13
RLC_SH,CN0F32RK1296365O0125,QC3,2018-10-13
RLC_SH,CN0FTY9PCMK007CNA06E,QC3,2018-10-13
RLC_SH,CN0G3N02CMK0081AA4B4,QC3,2018-10-13
RLC_SH,CN0G3N02CMK0081AA4BA,QC3,2018-10-13
RLC_SH,CN0G3N02CMK00864A01B,QC3,2018-10-13
RLC_SH,CN0G3N02CMK00864A028,QC3,2018-10-13
RLC_SH,CN0G5NRKCMK007CNA00D,QC3,2018-10-13
RLC_SH,CN0G5NRKCMK007CNA034,QC3,2018-10-13
RLC_SH,CN0G5TN01296361M01EC,QC3,2018-10-13
RLC_SH,CN0G5TN01296367B008C,QC3,2018-10-13
RLC_SH,CN0G9CNK129635CN0CD3,QC3,2018-10-13
RLC_SH,CN0GRNH7CMK007CNA14D,QC3,2018-10-13
RLC_SH,CN0GRNH7CMK007CT005B,QC3,2018-10-13
RLC_SH,CN0GRNH7CMK0081MA176,QC3,2018-10-13
RLC_SH,CN0GRNH7CMK0081MA180,QC3,2018-10-13
RLC_SH,CN0GRNH7CMK0081MA185,QC3,2018-10-13
RLC_SH,CN0GRNH7CMK0084F0166,QC3,2018-10-13
RLC_SH,CN0GRNH7CMK0086MA002,QC3,2018-10-13
RLC_SH,CN0GRVPWCMK0075T03EF,QC3,2018-10-13
RLC_SH,CN0GRVPWCMK007BP009F,QC3,2018-10-13
RLC_SH,CN0HHKWY129635BQ0281,QC3,2018-10-13
RLC_SH,CN0J5R86CMK007BU10C7,QC3,2018-10-13
RLC_SH,CN0J8CVMCMK007C9A61D,QC3,2018-10-13
RLC_SH,CN0J8CVMCMK0084PA007,QC3,2018-10-13
RLC_SH,CN0J8CVMCMK0084PA00E,QC3,2018-10-13
RLC_SH,CN0J9HWGCMK0081BA72D,QC3,2018-10-13
RLC_SH,CN0J9HWGCMK0081BA738,QC3,2018-10-13
RLC_SH,CN0J9HWGCMK0081BA747,QC3,2018-10-13
RLC_SH,CN0JDCM5CMK0081BA8B7,QC3,2018-10-13
RLC_SH,CN0JDCM5CMK0081BA8C2,QC3,2018-10-13
RLC_SH,CN0JDCM5CMK0081BA8C3,QC3,2018-10-13
RLC_SH,CN0JDCM5CMK0081BA8CA,QC3,2018-10-13
RLC_SH,CN0JDCM5CMK0088S0567,QC3,2018-10-13
RLC_SH,CN0JJ64Y1296355B013F,QC3,2018-10-13
RLC_SH,CN0JJ64Y1296355S006F,QC3,2018-10-13
RLC_SH,CN0JJ64Y1296355S026F,QC3,2018-10-13
RLC_SH,CN0JJ64Y1296357E00AD,QC3,2018-10-13
RLC_SH,CN0JJ64Y1296357E00CB,QC3,2018-10-13
RLC_SH,CN0JJ64Y1296357N01E9,QC3,2018-10-13
RLC_SH,CN0JJ64Y1296357N029A,QC3,2018-10-13
RLC_SH,CN0JJ64Y1296357N03CF,QC3,2018-10-13
RLC_SH,CN0KMHTN1296364S0DB1,QC3,2018-10-13
RLC_SH,CN0KMHTN1296368I0F97,QC3,2018-10-13
RLC_SH,CN0KV3KVCMK0075J0042,QC3,2018-10-13
RLC_SH,CN0KV3KVCMK0075J0091,QC3,2018-10-13
RLC_SH,CN0KV7W6CMK0085I00EB,QC3,2018-10-13
RLC_SH,CN0M7DMCCMK0077J0349,QC3,2018-10-13
RLC_SH,CN0M7DMCCMK008220064,QC3,2018-10-13
RLC_SH,CN0M7DMCCMK0083S0329,QC3,2018-10-13
RLC_SH,CN0MF60T129636AB0408,QC3,2018-10-13
RLC_SH,CN0MF60T129637390410,QC3,2018-10-13
RLC_SH,CN0MP2YXCMK0077N063B,QC3,2018-10-13
RLC_SH,CN0MT66T1296359K0270,QC3,2018-10-13
RLC_SH,CN0MT66T1296363G05E7,QC3,2018-10-13
RLC_SH,CN0N798XCMK007C9A01B,QC3,2018-10-13
RLC_SH,CN0N798XCMK007C9A028,QC3,2018-10-13
RLC_SH,CN0N798XCMK007C9A02B,QC3,2018-10-13
RLC_SH,CN0N798XCMK007C9A02C,QC3,2018-10-13
RLC_SH,CN0N798XCMK007C9A04E,QC3,2018-10-13
RLC_SH,CN0NHF30CMK007BO0141,QC3,2018-10-13
RLC_SH,CN0NJFT2CMK007CNA1AC,QC3,2018-10-13
RLC_SH,CN0NJFT2CMK007CNA1B7,QC3,2018-10-13
RLC_SH,CN0NJFT2CMK0081FA42B,QC3,2018-10-13
RLC_SH,CN0NPPYWCMK00815A001,QC3,2018-10-13
RLC_SH,CN0NPPYWCMK0087EA558,QC3,2018-10-13
RLC_SH,CN0PCVDX129636C10E73,QC3,2018-10-13
RLC_SH,CN0PHP7PCMK007CGA22F,QC3,2018-10-13
RLC_SH,CN0PHP7PCMK007CGA256,QC3,2018-10-13
RLC_SH,CN0PHP7PCMK00838A57B,QC3,2018-10-13
RLC_SH,CN0PHP7PCMK00838A580,QC3,2018-10-13
RLC_SH,CN0RH40RCMK007CS03A3,QC3,2018-10-13
RLC_SH,CN0RTYR2CMK0079705DC,QC3,2018-10-13
RLC_SH,CN0RTYR2CMK0083AA4FC,QC3,2018-10-13
RLC_SH,CN0RTYR2CMK0085L0189,QC3,2018-10-13
RLC_SH,CN0RVJDVCMK0079T0011,QC3,2018-10-13
RLC_SH,CN0T64M2CMK007C9A441,QC3,2018-10-13
RLC_SH,CN0T64M2CMK007C9A4BA,QC3,2018-10-13
RLC_SH,CN0T64M2CMK007C9A4BB,QC3,2018-10-13
RLC_SH,CN0T7J95129635B70132,QC3,2018-10-13
RLC_SH,CN0V20K6CMK0076O05BA,QC3,2018-10-13
RLC_SH,CN0VD2G7CMK007B80796,QC3,2018-10-13
RLC_SH,CN0VH2K9CMK007CNA20F,QC3,2018-10-13
RLC_SH,CN0VH2K9CMK007CNA21D,QC3,2018-10-13
RLC_SH,CN0VN7NP129635CM0191,QC3,2018-10-13
RLC_SH,CN0VN7NPCMK007BBA013,QC3,2018-10-13
RLC_SH,CN0VT64TCMK007CNA121,QC3,2018-10-13
RLC_SH,CN0VT64TCMK007CNA125,QC3,2018-10-13
RLC_SH,CN0VT64TCMK0081AA504,QC3,2018-10-13
RLC_SH,CN0VXWY2CMK0083T01FE,QC3,2018-10-13
RLC_SH,CN0WH96JCMK007AB0047,QC3,2018-10-13
RLC_SH,CN0WH96JCMK0086U01A3,QC3,2018-10-13
RLC_SH,CN0WHPNWCMK007CNA24F,QC3,2018-10-13
RLC_SH,CN0X41RRCMK0081Q01EE,QC3,2018-10-13
RLC_SH,CN0YF9VMCMK007BR0357,QC3,2018-10-13
RLC_SH,CN0YF9VMCMK007BS15DE,QC3,2018-10-13
RLC_SH,CN0YF9VMCMK0081C0CEF,QC3,2018-10-13
RLC_SH,CN0YF9VMCMK0086S0A02,QC3,2018-10-13
RLC_SH,CN0YJNVFCMK007CHA018,QC3,2018-10-13
RLC_SH,CN0YNW9JCMK007C800F3,QC3,2018-10-13
RLC_SH,CN000MD112963617A005,QC2,2018-10-13
RLC_SH,CN00C328CMK00769A00F,QC2,2018-10-13
RLC_SH,CN01DJ9GCMK007CT00DA,QC2,2018-10-13
RLC_SH,CN01DMJHCMK007CGA1A4,QC2,2018-10-13
RLC_SH,CN01DMJHCMK007CGA1A5,QC2,2018-10-13
RLC_SH,CN01DMJHCMK007CGA1A7,QC2,2018-10-13
RLC_SH,CN01DMJHCMK007CGA1AC,QC2,2018-10-13
RLC_SH,CN01DMJHCMK00838A370,QC2,2018-10-13
RLC_SH,CN01DMJHCMK00838A37A,QC2,2018-10-13
RLC_SH,CN01RP9WCMK007CCA5D9,QC2,2018-10-13
RLC_SH,CN01RP9WCMK007CCA5E0,QC2,2018-10-13
RLC_SH,CN01RP9WCMK007CCA5E6,QC2,2018-10-13
RLC_SH,CN01RP9WCMK00814A0AB,QC2,2018-10-13
RLC_SH,CN01WVFWCMK007CNA0C6,QC2,2018-10-13
RLC_SH,CN01WVFWCMK007CNA0CC,QC2,2018-10-13
RLC_SH,CN024X3YCMK007CA0160,QC2,2018-10-13
RLC_SH,CN02VH131296373400EB,QC2,2018-10-13
RLC_SH,CN02X71HCMK007CNA18C,QC2,2018-10-13
RLC_SH,CN02X71HCMK007CNA18E,QC2,2018-10-13
RLC_SH,CN02X71HCMK007CNA1A8,QC2,2018-10-13
RLC_SH,CN02XPCXCMK0087B0009,QC2,2018-10-13
RLC_SH,CN03MK2NCMK00864A004,QC2,2018-10-13
RLC_SH,CN03MK2NCMK00864A008,QC2,2018-10-13
RLC_SH,CN03MNCRCMK0078AA01A,QC2,2018-10-13
RLC_SH,CN03PN2HCMK0077T0116,QC2,2018-10-13
RLC_SH,CN03VWJKCMK0087H005A,QC2,2018-10-13
RLC_SH,CN041M0MCMK007CFA061,QC2,2018-10-13
RLC_SH,CN04P27DCMK007C9A6F9,QC2,2018-10-13
RLC_SH,CN04P27DCMK007C9A704,QC2,2018-10-13
RLC_SH,CN04P27DCMK0081BA7AB,QC2,2018-10-13
RLC_SH,CN04P27DCMK0081BA7BD,QC2,2018-10-13
RLC_SH,CN04XXXHCMK0075T017A,QC2,2018-10-13
RLC_SH,CN05913YCMK00838048F,QC2,2018-10-13
RLC_SH,CN05913YCMK0083M0014,QC2,2018-10-13
RLC_SH,CN05913YCMK0084D0860,QC2,2018-10-13
RLC_SH,CN05913YCMK0084KA00D,QC2,2018-10-13
RLC_SH,CN05913YCMK0085C00AA,QC2,2018-10-13
RLC_SH,CN05913YCMK0085G0997,QC2,2018-10-13
RLC_SH,CN05913YCMK00867A115,QC2,2018-10-13
RLC_SH,CN0608KRCMK008890160,QC2,2018-10-13
RLC_SH,CN062KP11296369T01E3,QC2,2018-10-13
RLC_SH,CN062KP1129636BC016A,QC2,2018-10-13
RLC_SH,CN062KP11296372I054A,QC2,2018-10-13
RLC_SH,CN06DFFCCMK0076K01AB,QC2,2018-10-13
RLC_SH,CN07PGM9CMK0081J0401,QC2,2018-10-13
RLC_SH,CN07PGM9CMK0085H03A4,QC2,2018-10-13
RLC_SH,CN0858KTCMK00882A064,QC2,2018-10-13
RLC_SH,CN08XC5YCMK0081C0041,QC2,2018-10-13
RLC_SH,CN093WF9CMK007CCA51C,QC2,2018-10-13
RLC_SH,CN0987G8CMK008480077,QC2,2018-10-13
RLC_SH,CN09PJNKCMK0079301AE,QC2,2018-10-13
RLC_SH,CN09TJV5CMK007AC050E,QC2,2018-10-13
RLC_SH,CN09WH9DCMK0081N0160,QC2,2018-10-13
RLC_SH,CN09WVX3129636AB07E6,QC2,2018-10-13
RLC_SH,CN0C9JPKCMK0077S0B3B,QC2,2018-10-13
RLC_SH,CN0C9JPKCMK007AV00B9,QC2,2018-10-13
RLC_SH,CN0CJ0VTCMK007CNA1EB,QC2,2018-10-13
RLC_SH,CN0CT6F5CMK007CCA2D3,QC2,2018-10-13
RLC_SH,CN0CT6F5CMK0086QA00A,QC2,2018-10-13
RLC_SH,CN0CT6F5CMK0087B0D88,QC2,2018-10-13
RLC_SH,CN0D54K4CMK0078N0A9A,QC2,2018-10-13
RLC_SH,CN0D5CH11296363O0189,QC2,2018-10-13
RLC_SH,CN0D5CH11296363Q0584,QC2,2018-10-13
RLC_SH,CN0DGYY51296368P072C,QC2,2018-10-13
RLC_SH,CN0DGYY51296368P0EF9,QC2,2018-10-13
RLC_SH,CN0DTY10CMK00787023B,QC2,2018-10-13
RLC_SH,CN0F31KVCMK007C9A1AD,QC2,2018-10-13
RLC_SH,CN0F31KVCMK0084OA0EC,QC2,2018-10-13
RLC_SH,CN0FTY9PCMK007CNA06E,QC2,2018-10-13
RLC_SH,CN0G3N02CMK0081AA4B4,QC2,2018-10-13
RLC_SH,CN0G3N02CMK0081AA4BA,QC2,2018-10-13
RLC_SH,CN0G3N02CMK00864A004,QC2,2018-10-13
RLC_SH,CN0G3N02CMK00864A01B,QC2,2018-10-13
RLC_SH,CN0G3N02CMK00864A028,QC2,2018-10-13
RLC_SH,CN0G5NRKCMK007CNA00B,QC2,2018-10-13
RLC_SH,CN0G5NRKCMK007CNA00D,QC2,2018-10-13
RLC_SH,CN0G5NRKCMK007CNA034,QC2,2018-10-13
RLC_SH,CN0G5TN01296367B008C,QC2,2018-10-13
RLC_SH,CN0G9CNK129635CN0CD3,QC2,2018-10-13
RLC_SH,CN0GRNH7CMK007CNA14D,QC2,2018-10-13
RLC_SH,CN0GRNH7CMK007CT005B,QC2,2018-10-13
RLC_SH,CN0GRNH7CMK0081MA176,QC2,2018-10-13
RLC_SH,CN0GRNH7CMK0081MA180,QC2,2018-10-13
RLC_SH,CN0GRNH7CMK0081MA185,QC2,2018-10-13
RLC_SH,CN0GRNH7CMK0084F0166,QC2,2018-10-13
RLC_SH,CN0GRNH7CMK0086MA002,QC2,2018-10-13
RLC_SH,CN0GYK0TCMK007410122,QC2,2018-10-13
RLC_SH,CN0HHKWY129635BQ0281,QC2,2018-10-13
RLC_SH,CN0J5R86CMK007BU10C7,QC2,2018-10-13
RLC_SH,CN0J8CVMCMK007C9A61D,QC2,2018-10-13
RLC_SH,CN0J9HWGCMK0081BA72D,QC2,2018-10-13
RLC_SH,CN0JDCM5CMK0081BA8B7,QC2,2018-10-13
RLC_SH,CN0JDCM5CMK0081BA8C2,QC2,2018-10-13
RLC_SH,CN0JDCM5CMK0081BA8C3,QC2,2018-10-13
RLC_SH,CN0JDCM5CMK0088S0567,QC2,2018-10-13
RLC_SH,CN0JJ64Y1296355B013F,QC2,2018-10-13
RLC_SH,CN0JJ64Y1296355S006F,QC2,2018-10-13
RLC_SH,CN0JJ64Y1296355S026F,QC2,2018-10-13
RLC_SH,CN0JJ64Y1296357E00AD,QC2,2018-10-13
RLC_SH,CN0JJ64Y1296357E00CB,QC2,2018-10-13
RLC_SH,CN0JJ64Y1296357N01E9,QC2,2018-10-13
RLC_SH,CN0JJ64Y1296357N029A,QC2,2018-10-13
RLC_SH,CN0JJ64Y1296357N03CF,QC2,2018-10-13
RLC_SH,CN0KMHTN1296364S0DB1,QC2,2018-10-13
RLC_SH,CN0KMHTN1296368I0F97,QC2,2018-10-13
RLC_SH,CN0KV7W6CMK0085I00EB,QC2,2018-10-13
RLC_SH,CN0M7DMCCMK0077J0349,QC2,2018-10-13
RLC_SH,CN0M7DMCCMK008220064,QC2,2018-10-13
RLC_SH,CN0M7DMCCMK0083S0329,QC2,2018-10-13
RLC_SH,CN0MF60T129636AB0408,QC2,2018-10-13
RLC_SH,CN0MF60T129637390410,QC2,2018-10-13
RLC_SH,CN0MP2YXCMK0077N063B,QC2,2018-10-13
RLC_SH,CN0MT66T1296359K0270,QC2,2018-10-13
RLC_SH,CN0MT66T1296363G05E7,QC2,2018-10-13
RLC_SH,CN0N798XCMK007C9A01F,QC2,2018-10-13
RLC_SH,CN0N798XCMK007C9A028,QC2,2018-10-13
RLC_SH,CN0N798XCMK007C9A02C,QC2,2018-10-13
RLC_SH,CN0N798XCMK007C9A04E,QC2,2018-10-13
RLC_SH,CN0NHF30CMK007BO0141,QC2,2018-10-13
RLC_SH,CN0NJFT2CMK007CNA1AC,QC2,2018-10-13
RLC_SH,CN0NJFT2CMK007CNA1B7,QC2,2018-10-13
RLC_SH,CN0NJFT2CMK0081FA42B,QC2,2018-10-13
RLC_SH,CN0PCVDX129636C10E73,QC2,2018-10-13
RLC_SH,CN0PHP7PCMK007CGA22F,QC2,2018-10-13
RLC_SH,CN0PHP7PCMK00838A57B,QC2,2018-10-13
RLC_SH,CN0PHP7PCMK00838A580,QC2,2018-10-13
RLC_SH,CN0RTYR21296371N0005,QC2,2018-10-13
RLC_SH,CN0RTYR2CMK0079705DC,QC2,2018-10-13
RLC_SH,CN0RTYR2CMK0083AA4FC,QC2,2018-10-13
RLC_SH,CN0RTYR2CMK0085L0189,QC2,2018-10-13
RLC_SH,CN0RVJDVCMK0079T0011,QC2,2018-10-13
RLC_SH,CN0T64M2CMK007C9A4BA,QC2,2018-10-13
RLC_SH,CN0T7J95129635B70132,QC2,2018-10-13
RLC_SH,CN0V20K6CMK0076O05BA,QC2,2018-10-13
RLC_SH,CN0VD2G7CMK007B80796,QC2,2018-10-13
RLC_SH,CN0VD2G7CMK007C600F8,QC2,2018-10-13
RLC_SH,CN0VH2K9CMK007CNA20F,QC2,2018-10-13
RLC_SH,CN0VH2K9CMK007CNA21D,QC2,2018-10-13
RLC_SH,CN0VN7NP129635CM0191,QC2,2018-10-13
RLC_SH,CN0VN7NPCMK007BBA013,QC2,2018-10-13
RLC_SH,CN0VT64TCMK007CNA121,QC2,2018-10-13
RLC_SH,CN0VT64TCMK007CNA125,QC2,2018-10-13
RLC_SH,CN0VT64TCMK0081AA504,QC2,2018-10-13
RLC_SH,CN0VXWY2CMK0083T01FE,QC2,2018-10-13
RLC_SH,CN0W3RTGCMK007C10230,QC2,2018-10-13
RLC_SH,CN0X41RRCMK0081Q01EE,QC2,2018-10-13
RLC_SH,CN0YF9VMCMK007BR0357,QC2,2018-10-13
RLC_SH,CN0YJNVFCMK007CHA018,QC2,2018-10-13
RLC_SH,CN0YNW9JCMK007C800F3,QC2,2018-10-13
RLC_SH,CN0YNW9JCMK0081600E3,QC2,2018-10-13
RLC_SH,CN00C328CMK00769A00F,QC3,2018-10-14
RLC_SH,CN01DMJHCMK007CGA1AA,QC3,2018-10-14
RLC_SH,CN01DMJHCMK00838A366,QC3,2018-10-14
RLC_SH,CN01DMJHCMK00838A37B,QC3,2018-10-14
RLC_SH,CN01RP9WCMK007CCA5C6,QC3,2018-10-14
RLC_SH,CN01RP9WCMK00814A098,QC3,2018-10-14
RLC_SH,CN01RP9WCMK00814A0A2,QC3,2018-10-14
RLC_SH,CN01RP9WCMK00814A0AB,QC3,2018-10-14
RLC_SH,CN01TWGWCMK0088F0BCA,QC3,2018-10-14
RLC_SH,CN01WVFWCMK007CNA0D2,QC3,2018-10-14
RLC_SH,CN01WVFWCMK007CNA0DA,QC3,2018-10-14
RLC_SH,CN02766VCMK007CCA271,QC3,2018-10-14
RLC_SH,CN02CFNG129635CF004B,QC3,2018-10-14
RLC_SH,CN02R1TC1296371I0141,QC3,2018-10-14
RLC_SH,CN02X71HCMK007CNA18C,QC3,2018-10-14
RLC_SH,CN02X71HCMK007CNA191,QC3,2018-10-14
RLC_SH,CN02X71HCMK007CNA1A8,QC3,2018-10-14
RLC_SH,CN02XPCXCMK0084LA0DA,QC3,2018-10-14
RLC_SH,CN03MK2NCMK00864A01C,QC3,2018-10-14
RLC_SH,CN03MK2NCMK00864A01E,QC3,2018-10-14
RLC_SH,CN041M0MCMK007CFA05E,QC3,2018-10-14
RLC_SH,CN04GTKNCMK007CJ0203,QC3,2018-10-14
RLC_SH,CN04JT12CMK007BI0117,QC3,2018-10-14
RLC_SH,CN04P27DCMK007C9A6F7,QC3,2018-10-14
RLC_SH,CN04P27DCMK007C9A704,QC3,2018-10-14
RLC_SH,CN04P27DCMK0081BA7AC,QC3,2018-10-14
RLC_SH,CN04P27DCMK0081BA7B9,QC3,2018-10-14
RLC_SH,CN04P27DCMK0081BA7BC,QC3,2018-10-14
RLC_SH,CN05913YCMK00837043C,QC3,2018-10-14
RLC_SH,CN05913YCMK0083M0014,QC3,2018-10-14
RLC_SH,CN05913YCMK0084900B9,QC3,2018-10-14
RLC_SH,CN05913YCMK0088704F1,QC3,2018-10-14
RLC_SH,CN0643X5CMK008130068,QC3,2018-10-14
RLC_SH,CN06DFFCCMK0084F0163,QC3,2018-10-14
RLC_SH,CN076F941296665O0053,QC3,2018-10-14
RLC_SH,CN0858KTCMK0085P02C3,QC3,2018-10-14
RLC_SH,CN0903PF1296367107BF,QC3,2018-10-14
RLC_SH,CN093WF9CMK007CCA55D,QC3,2018-10-14
RLC_SH,CN0987G8CMK008480077,QC3,2018-10-14
RLC_SH,CN09PJNKCMK0079301AE,QC3,2018-10-14
RLC_SH,CN09WVX3129636AB07E6,QC3,2018-10-14
RLC_SH,CN0C9JPKCMK0077S0B3B,QC3,2018-10-14
RLC_SH,CN0CJ0VTCMK007CNA1EF,QC3,2018-10-14
RLC_SH,CN0CJ0VTCMK008470447,QC3,2018-10-14
RLC_SH,CN0CJWHXCMK007BR08A6,QC3,2018-10-14
RLC_SH,CN0CT6F5CMK007CCA2CC,QC3,2018-10-14
RLC_SH,CN0CT6F5CMK0081AA418,QC3,2018-10-14
RLC_SH,CN0CT6F5CMK0081AA41D,QC3,2018-10-14
RLC_SH,CN0CT6F5CMK0081AA424,QC3,2018-10-14
RLC_SH,CN0D2N2VCMK007CNA04C,QC3,2018-10-14
RLC_SH,CN0D47C1129635BP031F,QC3,2018-10-14
RLC_SH,CN0DD2WPCMK00867031E,QC3,2018-10-14
RLC_SH,CN0DGYY51296364P00DF,QC3,2018-10-14
RLC_SH,CN0DGYY5129636CL0059,QC3,2018-10-14
RLC_SH,CN0F18WTCMK0085N012B,QC3,2018-10-14
RLC_SH,CN0F31KVCMK007C9A1BF,QC3,2018-10-14
RLC_SH,CN0F31KVCMK0085IA00A,QC3,2018-10-14
RLC_SH,CN0F68DXCMK00835070E,QC3,2018-10-14
RLC_SH,CN0FJGHGCMK007CNA1AC,QC3,2018-10-14
RLC_SH,CN0G3N02CMK0081AA4BE,QC3,2018-10-14
RLC_SH,CN0G3N02CMK0081AA4C3,QC3,2018-10-14
RLC_SH,CN0G3N02CMK0081AA4ED,QC3,2018-10-14
RLC_SH,CN0G3N02CMK00864A004,QC3,2018-10-14
RLC_SH,CN0G5NRKCMK007CNA00B,QC3,2018-10-14
RLC_SH,CN0GRNH7CMK007CNA15E,QC3,2018-10-14
RLC_SH,CN0GRNH7CMK0086MA005,QC3,2018-10-14
RLC_SH,CN0GRVPWCMK0076M01AC,QC3,2018-10-14
RLC_SH,CN0GYK0TCMK007410122,QC3,2018-10-14
RLC_SH,CN0H0K2PCMK0084FA0AB,QC3,2018-10-14
RLC_SH,CN0HHY6KCMK007620290,QC3,2018-10-14
RLC_SH,CN0HKKT51296659B0287,QC3,2018-10-14
RLC_SH,CN0HKKT5129665A10075,QC3,2018-10-14
RLC_SH,CN0HPRCX129635A61256,QC3,2018-10-14
RLC_SH,CN0HPRCX129635A904BF,QC3,2018-10-14
RLC_SH,CN0HPRCX129635B9073A,QC3,2018-10-14
RLC_SH,CN0HW7C4CMK007B5013F,QC3,2018-10-14
RLC_SH,CN0J8CVMCMK0081BA80C,QC3,2018-10-14
RLC_SH,CN0J9HF01296368Q01CE,QC3,2018-10-14
RLC_SH,CN0J9HWGCMK0081BA745,QC3,2018-10-14
RLC_SH,CN0JDCM5CMK0081BA8C5,QC3,2018-10-14
RLC_SH,CN0JDCM5CMK0081BA8CD,QC3,2018-10-14
RLC_SH,CN0JJ64Y129635C40032,QC3,2018-10-14
RLC_SH,CN0KMHTN129636AR132B,QC3,2018-10-14
RLC_SH,CN0KMHTN1296371F0205,QC3,2018-10-14
RLC_SH,CN0M60PH1296368D0222,QC3,2018-10-14
RLC_SH,CN0M60PHCMK0076M0949,QC3,2018-10-14
RLC_SH,CN0N5NX1129635BH070A,QC3,2018-10-14
RLC_SH,CN0N798XCMK007C9A018,QC3,2018-10-14
RLC_SH,CN0N798XCMK007C9A01F,QC3,2018-10-14
RLC_SH,CN0N798XCMK007C9A04D,QC3,2018-10-14
RLC_SH,CN0NHF30CMK0081G0490,QC3,2018-10-14
RLC_SH,CN0NPPYWCMK0086UA00A,QC3,2018-10-14
RLC_SH,CN0NPPYWCMK0087EA564,QC3,2018-10-14
RLC_SH,CN0PCVDX1296371H00F0,QC3,2018-10-14
RLC_SH,CN0PCVDX1296373D006B,QC3,2018-10-14
RLC_SH,CN0PHP7PCMK007CGA22C,QC3,2018-10-14
RLC_SH,CN0PHP7PCMK0086S0087,QC3,2018-10-14
RLC_SH,CN0R1VJD1296361Q05F0,QC3,2018-10-14
RLC_SH,CN0RTYR21296371N0005,QC3,2018-10-14
RLC_SH,CN0RTYR2CMK0085D0073,QC3,2018-10-14
RLC_SH,CN0T06T4CMK0088N0684,QC3,2018-10-14
RLC_SH,CN0T06T4CMK0088N0785,QC3,2018-10-14
RLC_SH,CN0T06T4CMK0088R08FF,QC3,2018-10-14
RLC_SH,CN0T0V7J129636CDA059,QC3,2018-10-14
RLC_SH,CN0TVCVWCMK007850551,QC3,2018-10-14
RLC_SH,CN0VD2G7CMK0076R00F9,QC3,2018-10-14
RLC_SH,CN0VD2G7CMK007C600F8,QC3,2018-10-14
RLC_SH,CN0VH2K9CMK007CNA20E,QC3,2018-10-14
RLC_SH,CN0W3RTGCMK007C10230,QC3,2018-10-14
RLC_SH,CN0W5VXR1296366M09A3,QC3,2018-10-14
RLC_SH,CN0W5VXRCMK0074Q011E,QC3,2018-10-14
RLC_SH,CN0YJCKF1296369205EB,QC3,2018-10-14
RLC_SH,CN0YJCKF129636AG073C,QC3,2018-10-14
RLC_SH,CN0YJNVFCMK007C9A5AF,QC3,2018-10-14
RLC_SH,CN0YNW9JCMK0081600E3,QC3,2018-10-14
RLC_SH,CN0YNX9N129635BC12E2,QC3,2018-10-14
RLC_SH,CN01DMJHCMK007CGA1AA,QC2,2018-10-14
RLC_SH,CN01DMJHCMK00838A366,QC2,2018-10-14
RLC_SH,CN01DMJHCMK00838A37B,QC2,2018-10-14
RLC_SH,CN01RP9WCMK007CCA5C6,QC2,2018-10-14
RLC_SH,CN01RP9WCMK00814A098,QC2,2018-10-14
RLC_SH,CN01RP9WCMK00814A0A2,QC2,2018-10-14
RLC_SH,CN01TWGWCMK0088F0BCA,QC2,2018-10-14
RLC_SH,CN01WVFWCMK007CNA0D2,QC2,2018-10-14
RLC_SH,CN01WVFWCMK007CNA0DA,QC2,2018-10-14
RLC_SH,CN02766VCMK007CCA271,QC2,2018-10-14
RLC_SH,CN02CFNG129635CF004B,QC2,2018-10-14
RLC_SH,CN02R1TC1296371I0141,QC2,2018-10-14
RLC_SH,CN02X71HCMK007CNA191,QC2,2018-10-14
RLC_SH,CN02XPCXCMK0084LA0DA,QC2,2018-10-14
RLC_SH,CN03MK2NCMK00864A01C,QC2,2018-10-14
RLC_SH,CN03MK2NCMK00864A01E,QC2,2018-10-14
RLC_SH,CN041M0MCMK007CFA05E,QC2,2018-10-14
RLC_SH,CN04GTKNCMK007CJ0203,QC2,2018-10-14
RLC_SH,CN04GTKNCMK0084G03E0,QC2,2018-10-14
RLC_SH,CN04GTKNCMK0085M0046,QC2,2018-10-14
RLC_SH,CN04JT12CMK007A400C5,QC2,2018-10-14
RLC_SH,CN04JT12CMK007BI0117,QC2,2018-10-14
RLC_SH,CN04P27DCMK007C9A6F7,QC2,2018-10-14
RLC_SH,CN04P27DCMK0081BA7AC,QC2,2018-10-14
RLC_SH,CN04P27DCMK0081BA7B9,QC2,2018-10-14
RLC_SH,CN04P27DCMK0081BA7BC,QC2,2018-10-14
RLC_SH,CN05913YCMK00837043C,QC2,2018-10-14
RLC_SH,CN05913YCMK0084900B9,QC2,2018-10-14
RLC_SH,CN05913YCMK0088704F1,QC2,2018-10-14
RLC_SH,CN0643X5CMK008130068,QC2,2018-10-14
RLC_SH,CN06DFFCCMK0084F0163,QC2,2018-10-14
RLC_SH,CN076F941296665O0053,QC2,2018-10-14
RLC_SH,CN0858KTCMK0085P02C3,QC2,2018-10-14
RLC_SH,CN0903PF1296367107BF,QC2,2018-10-14
RLC_SH,CN093WF9CMK007CCA55D,QC2,2018-10-14
RLC_SH,CN0CJ0VTCMK007CNA1EF,QC2,2018-10-14
RLC_SH,CN0CJ0VTCMK008470447,QC2,2018-10-14
RLC_SH,CN0CJWHXCMK007BR08A6,QC2,2018-10-14
RLC_SH,CN0CJWHXCMK0081R0338,QC2,2018-10-14
RLC_SH,CN0CT6F5CMK007CCA2CC,QC2,2018-10-14
RLC_SH,CN0CT6F5CMK0081AA418,QC2,2018-10-14
RLC_SH,CN0CT6F5CMK0081AA41D,QC2,2018-10-14
RLC_SH,CN0CT6F5CMK0081AA424,QC2,2018-10-14
RLC_SH,CN0CXWHPCMK0078M04B1,QC2,2018-10-14
RLC_SH,CN0D2N2VCMK007CNA04C,QC2,2018-10-14
RLC_SH,CN0D47C1129635BP031F,QC2,2018-10-14
RLC_SH,CN0DD2WPCMK00867031E,QC2,2018-10-14
RLC_SH,CN0DGYY51296364P00DF,QC2,2018-10-14
RLC_SH,CN0DGYY5129636CL0059,QC2,2018-10-14
RLC_SH,CN0F18WTCMK0085N012B,QC2,2018-10-14
RLC_SH,CN0F18WTCMK0087F02B3,QC2,2018-10-14
RLC_SH,CN0F18WTCMK0087J020B,QC2,2018-10-14
RLC_SH,CN0F31KVCMK007C9A1BF,QC2,2018-10-14
RLC_SH,CN0F31KVCMK0085IA00A,QC2,2018-10-14
RLC_SH,CN0F68DXCMK00835070E,QC2,2018-10-14
RLC_SH,CN0FJGHGCMK007CNA1AC,QC2,2018-10-14
RLC_SH,CN0G3N02CMK0081AA4BE,QC2,2018-10-14
RLC_SH,CN0G3N02CMK0081AA4C3,QC2,2018-10-14
RLC_SH,CN0G3N02CMK0081AA4ED,QC2,2018-10-14
RLC_SH,CN0GRNH7CMK007CNA15E,QC2,2018-10-14
RLC_SH,CN0GRNH7CMK0086MA005,QC2,2018-10-14
RLC_SH,CN0GRVPWCMK0076M01AC,QC2,2018-10-14
RLC_SH,CN0GRVPWCMK0085L0AA6,QC2,2018-10-14
RLC_SH,CN0GRVPWCMK0087O09AF,QC2,2018-10-14
RLC_SH,CN0H0K2PCMK0084FA0AB,QC2,2018-10-14
RLC_SH,CN0HHY6KCMK007620290,QC2,2018-10-14
RLC_SH,CN0HKKT51296659B0287,QC2,2018-10-14
RLC_SH,CN0HKKT5129665A10075,QC2,2018-10-14
RLC_SH,CN0HPRCX129635A61256,QC2,2018-10-14
RLC_SH,CN0HPRCX129635A904BF,QC2,2018-10-14
RLC_SH,CN0HPRCX129635B9073A,QC2,2018-10-14
RLC_SH,CN0HW7C4CMK007B5013F,QC2,2018-10-14
RLC_SH,CN0J8CVMCMK0081BA80C,QC2,2018-10-14
RLC_SH,CN0J9HF01296368Q01CE,QC2,2018-10-14
RLC_SH,CN0J9HWGCMK0081BA745,QC2,2018-10-14
RLC_SH,CN0JDCM5CMK0081BA8C5,QC2,2018-10-14
RLC_SH,CN0JDCM5CMK0081BA8CD,QC2,2018-10-14
RLC_SH,CN0JJ64Y129635C40032,QC2,2018-10-14
RLC_SH,CN0KMHTN129636AR132B,QC2,2018-10-14
RLC_SH,CN0KMHTN1296371F0205,QC2,2018-10-14
RLC_SH,CN0M60PH1296368D0222,QC2,2018-10-14
RLC_SH,CN0M60PHCMK0076M0949,QC2,2018-10-14
RLC_SH,CN0M7DMCCMK00835028C,QC2,2018-10-14
RLC_SH,CN0M7DMCCMK0084H03B5,QC2,2018-10-14
RLC_SH,CN0N5NX1129635AK0793,QC2,2018-10-14
RLC_SH,CN0N5NX1129635BH070A,QC2,2018-10-14
RLC_SH,CN0N798XCMK007C9A018,QC2,2018-10-14
RLC_SH,CN0N798XCMK007C9A04D,QC2,2018-10-14
RLC_SH,CN0NHF30CMK0081G0490,QC2,2018-10-14
RLC_SH,CN0NJC76CMK0075N077F,QC2,2018-10-14
RLC_SH,CN0NJC76CMK007B903A2,QC2,2018-10-14
RLC_SH,CN0NJC76CMK0087UA015,QC2,2018-10-14
RLC_SH,CN0NPPYWCMK0086UA00A,QC2,2018-10-14
RLC_SH,CN0NPPYWCMK0087EA564,QC2,2018-10-14
RLC_SH,CN0PCVDX1296371H00F0,QC2,2018-10-14
RLC_SH,CN0PCVDX1296373D006B,QC2,2018-10-14
RLC_SH,CN0PHP7PCMK007CGA22C,QC2,2018-10-14
RLC_SH,CN0PHP7PCMK0086S0087,QC2,2018-10-14
RLC_SH,CN0R1VJD1296361Q05F0,QC2,2018-10-14
RLC_SH,CN0RH40RCMK0077U016E,QC2,2018-10-14
RLC_SH,CN0RTYR2CMK0085D0073,QC2,2018-10-14
RLC_SH,CN0T06T4CMK0088N0684,QC2,2018-10-14
RLC_SH,CN0T06T4CMK0088N0785,QC2,2018-10-14
RLC_SH,CN0T06T4CMK0088R08FF,QC2,2018-10-14
RLC_SH,CN0T0V7J129636CDA059,QC2,2018-10-14
RLC_SH,CN0TVCVWCMK007850551,QC2,2018-10-14
RLC_SH,CN0VD2G7CMK0076R00F9,QC2,2018-10-14
RLC_SH,CN0VH2K9CMK007CNA20E,QC2,2018-10-14
RLC_SH,CN0W5VXR1296366M09A3,QC2,2018-10-14
RLC_SH,CN0W5VXRCMK0074Q011E,QC2,2018-10-14
RLC_SH,CN0YF9VMCMK0085N0356,QC2,2018-10-14
RLC_SH,CN0YG5J7129665AE0227,QC2,2018-10-14
RLC_SH,CN0YJCKF1296366U0170,QC2,2018-10-14
RLC_SH,CN0YJCKF1296369205EB,QC2,2018-10-14
RLC_SH,CN0YJCKF129636AG073C,QC2,2018-10-14
RLC_SH,CN0YJNVFCMK007C9A5AF,QC2,2018-10-14
RLC_SH,CN0YNX9N129635BC12E2,QC2,2018-10-14
RLC_SH,CN0YNX9N1296361N05C0,QC2,2018-10-14
